(n, d, k);[Gematria of ELS];ELS Search Term;Found in WordNumber In Text;WordCoordinatesDWTK;Found in Word In Text;LetterPositionIndex In Word;LetterCoordinatesD5K of First Letter in ELS;Found In Verse
(17398, 1, 8);[1, 4, 50, 10, 10, 5, 6, 5];אדנייהוה;4664;(1, 15, 2, 3, 4664);אדני;1;(1, 15, 2, 10, 17398);ויאמר אברם אדני יהוה מה תתן לי ואנכי הולך ערירי ובן משק ביתי הוא דמשק אליעזר
(17692, 1, 8);[1, 4, 50, 10, 10, 5, 6, 5];אדנייהוה;4743;(1, 15, 8, 2, 4743);אדני;1;(1, 15, 8, 6, 17692);ויאמר אדני יהוה במה אדע כי אירשנה
(255937, 1, 8);[1, 4, 50, 10, 10, 5, 6, 5];אדנייהוה;67243;(5, 3, 24, 1, 67243);אדני;1;(5, 3, 24, 1, 255937);אדני יהוה אתה החלות להראות את עבדך את גדלך ואת ידך החזקה אשר מי אל בשמים ובארץ אשר יעשה כמעשיך וכגבורתך
(267071, 1, 8);[1, 4, 50, 10, 10, 5, 6, 5];אדנייהוה;70085;(5, 9, 26, 5, 70085);אדני;1;(5, 9, 26, 17, 267071);ואתפלל אל יהוה ואמר אדני יהוה אל תשחת עמך ונחלתך אשר פדית בגדלך אשר הוצאת ממצרים ביד חזקה
(313826, 1, 8);[1, 4, 50, 10, 10, 5, 6, 5];אדנייהוה;82277;(6, 7, 7, 4, 82277);אדני;1;(6, 7, 7, 14, 313826);ויאמר יהושע אהה אדני יהוה למה העברת העביר את העם הזה את הירדן לתת אתנו ביד האמרי להאבידנו ולו הואלנו ונשב בעבר הירדן
(354529, 1, 8);[1, 4, 50, 10, 10, 5, 6, 5];אדנייהוה;92542;(7, 6, 22, 10, 92542);אדני;1;(7, 6, 22, 36, 354529);וירא גדעון כי מלאך יהוה הוא ויאמר גדעון אהה אדני יהוה כי על כן ראיתי מלאך יהוה פנים אל פנים
(373850, 1, 8);[1, 4, 50, 10, 10, 5, 6, 5];אדנייהוה;97448;(7, 16, 28, 6, 97448);אדני;1;(7, 16, 28, 22, 373850);ויקרא שמשון אל יהוה ויאמר אדני יהוה זכרני נא וחזקני נא אך הפעם הזה האלהים ואנקמה נקם אחת משתי עיני מפלשתים
(445610, 1, 8);[1, 4, 50, 10, 10, 5, 6, 5];אדנייהוה;115952;(9, 7, 18, 10, 115952);אדני;1;(9, 7, 18, 35, 445610);ויבא המלך דוד וישב לפני יהוה ויאמר מי אנכי אדני יהוה ומי ביתי כי הביאתני עד הלם
(445656, 1, 8);[1, 4, 50, 10, 10, 5, 6, 5];אדנייהוה;115964;(9, 7, 19, 5, 115964);אדני;1;(9, 7, 19, 18, 445656);ותקטן עוד זאת בעיניך אדני יהוה ותדבר גם אל בית עבדך למרחוק וזאת תורת האדם אדני יהוה
(445698, 1, 8);[1, 4, 50, 10, 10, 5, 6, 5];אדנייהוה;115975;(9, 7, 19, 16, 115975);אדני;1;(9, 7, 19, 60, 445698);ותקטן עוד זאת בעיניך אדני יהוה ותדבר גם אל בית עבדך למרחוק וזאת תורת האדם אדני יהוה
(445742, 1, 8);[1, 4, 50, 10, 10, 5, 6, 5];אדנייהוה;115987;(9, 7, 20, 11, 115987);אדני;1;(9, 7, 20, 37, 445742);ומה יוסיף דוד עוד לדבר אליך ואתה ידעת את עבדך אדני יהוה
(445802, 1, 8);[1, 4, 50, 10, 10, 5, 6, 5];אדנייהוה;116003;(9, 7, 22, 4, 116003);אדני;1;(9, 7, 22, 9, 445802);על כן גדלת אדני יהוה כי אין כמוך ואין אלהים זולתך בכל אשר שמענו באזנינו
(446225, 1, 8);[1, 4, 50, 10, 10, 5, 6, 5];אדנייהוה;116115;(9, 7, 28, 2, 116115);אדני;1;(9, 7, 28, 5, 446225);ועתה אדני יהוה אתה הוא האלהים ודבריך יהיו אמת ותדבר אל עבדך את הטובה הזאת
(446321, 1, 8);[1, 4, 50, 10, 10, 5, 6, 5];אדנייהוה;116140;(9, 7, 29, 12, 116140);אדני;1;(9, 7, 29, 42, 446321);ועתה הואל וברך את בית עבדך להיות לעולם לפניך כי אתה אדני יהוה דברת ומברכתך יברך בית עבדך לעולם
(481946, 1, 8);[1, 4, 50, 10, 10, 5, 6, 5];אדנייהוה;125469;(10, 2, 26, 21, 125469);אדני;1;(10, 2, 26, 69, 481946);ולאביתר הכהן אמר המלך ענתת לך על שדיך כי איש מות אתה וביום הזה לא אמיתך כי נשאת את ארון אדני יהוה לפני דוד אבי וכי התענית בכל אשר התענה אבי
(496491, 1, 8);[1, 4, 50, 10, 10, 5, 6, 5];אדנייהוה;129221;(10, 8, 53, 18, 129221);אדני;1;(10, 8, 53, 68, 496491);כי אתה הבדלתם לך לנחלה מכל עמי הארץ כאשר דברת ביד משה עבדך בהוציאך את אבתינו ממצרים אדני יהוה
(578736, 1, 8);[1, 4, 50, 10, 10, 5, 6, 5];אדנייהוה;150417;(12, 3, 15, 8, 150417);אדני;1;(12, 3, 15, 30, 578736);מלכם   תדכאו עמי ופני עניים תטחנו נאם אדני יהוה צבאות
(582185, 1, 8);[1, 4, 50, 10, 10, 5, 6, 5];אדנייהוה;151271;(12, 7, 7, 3, 151271);אדני;1;(12, 7, 7, 6, 582185);כה אמר אדני יהוה לא תקום ולא תהיה
(586366, 1, 8);[1, 4, 50, 10, 10, 5, 6, 5];אדנייהוה;152356;(12, 10, 23, 4, 152356);אדני;1;(12, 10, 23, 12, 586366);כי כלה ונחרצה אדני יהוה צבאות עשה בקרב כל הארץ
(586400, 1, 8);[1, 4, 50, 10, 10, 5, 6, 5];אדנייהוה;152366;(12, 10, 24, 4, 152366);אדני;1;(12, 10, 24, 9, 586400);לכן כה אמר אדני יהוה צבאות אל תירא עמי ישב ציון מאשור בשבט יככה ומטהו ישא עליך בדרך מצרים
(595546, 1, 8);[1, 4, 50, 10, 10, 5, 6, 5];אדנייהוה;154690;(12, 22, 5, 6, 154690);לאדני;2;(12, 22, 5, 24, 595546);כי יום מהומה ומבוסה ומבוכה לאדני יהוה צבאות בגיא חזיון מקרקר קר ושוע אל ההר
(595843, 1, 8);[1, 4, 50, 10, 10, 5, 6, 5];אדנייהוה;154765;(12, 22, 12, 2, 154765);אדני;1;(12, 22, 12, 6, 595843);ויקרא אדני יהוה צבאות ביום ההוא לבכי ולמספד ולקרחה ולחגר שק
(595989, 1, 8);[1, 4, 50, 10, 10, 5, 6, 5];אדנייהוה;154803;(12, 22, 14, 13, 154803);אדני;1;(12, 22, 14, 46, 595989);ונגלה באזני יהוה צבאות אם יכפר העון הזה לכם עד תמתון אמר אדני יהוה צבאות
(596007, 1, 8);[1, 4, 50, 10, 10, 5, 6, 5];אדנייהוה;154808;(12, 22, 15, 3, 154808);אדני;1;(12, 22, 15, 6, 596007);כה אמר אדני יהוה צבאות לך בא אל הסכן הזה על שבנא אשר על הבית
(598745, 1, 8);[1, 4, 50, 10, 10, 5, 6, 5];אדנייהוה;155513;(12, 25, 8, 5, 155513);אדני;1;(12, 25, 8, 16, 598745);בלע המות לנצח ומחה אדני יהוה דמעה מעל כל פנים וחרפת עמו יסיר מעל כל הארץ כי יהוה דבר
(601362, 1, 8);[1, 4, 50, 10, 10, 5, 6, 5];אדנייהוה;156195;(12, 28, 16, 4, 156195);אדני;1;(12, 28, 16, 9, 601362);לכן כה אמר אדני יהוה הנני יסד בציון אבן אבן בחן פנת יקרת מוסד מוסד המאמין לא יחיש
(601729, 1, 8);[1, 4, 50, 10, 10, 5, 6, 5];אדנייהוה;156287;(12, 28, 22, 12, 156287);אדני;1;(12, 28, 22, 47, 601729);ועתה אל תתלוצצו פן יחזקו מוסריכם כי כלה ונחרצה שמעתי מאת אדני יהוה צבאות על כל הארץ
(604096, 1, 8);[1, 4, 50, 10, 10, 5, 6, 5];אדנייהוה;156889;(12, 30, 15, 4, 156889);אדני;1;(12, 30, 15, 8, 604096);כי כה אמר אדני יהוה קדוש ישראל בשובה ונחת תושעון בהשקט ובבטחה תהיה גבורתכם ולא אביתם
(614841, 1, 8);[1, 4, 50, 10, 10, 5, 6, 5];אדנייהוה;159652;(12, 40, 10, 2, 159652);אדני;1;(12, 40, 10, 4, 614841);הנה אדני יהוה בחזק יבוא וזרעו משלה לו הנה שכרו אתו ופעלתו לפניו
(624874, 1, 8);[1, 4, 50, 10, 10, 5, 6, 5];אדנייהוה;162155;(12, 48, 16, 14, 162155);אדני;1;(12, 48, 16, 47, 624874);קרבו אלי שמעו זאת לא מראש בסתר דברתי מעת היותה שם אני ועתה אדני יהוה שלחני ורוחו
(626310, 1, 8);[1, 4, 50, 10, 10, 5, 6, 5];אדנייהוה;162510;(12, 49, 22, 3, 162510);אדני;1;(12, 49, 22, 6, 626310);כה אמר אדני יהוה הנה אשא אל גוים ידי ואל עמים ארים נסי והביאו בניך בחצן ובנתיך על כתף תנשאנה
(626860, 1, 8);[1, 4, 50, 10, 10, 5, 6, 5];אדנייהוה;162650;(12, 50, 4, 1, 162650);אדני;1;(12, 50, 4, 1, 626860);אדני יהוה נתן לי לשון למודים לדעת לעות את יעף דבר יעיר בבקר בבקר יעיר לי אזן לשמע כלמודים
(626931, 1, 8);[1, 4, 50, 10, 10, 5, 6, 5];אדנייהוה;162669;(12, 50, 5, 1, 162669);אדני;1;(12, 50, 5, 1, 626931);אדני יהוה פתח לי אזן ואנכי לא מריתי אחור לא נסוגתי
(627015, 1, 8);[1, 4, 50, 10, 10, 5, 6, 5];אדנייהוה;162690;(12, 50, 7, 1, 162690);ואדני;2;(12, 50, 7, 2, 627015);ואדני יהוה יעזר לי על כן לא נכלמתי על כן שמתי פני כחלמיש ואדע כי לא אבוש
(627115, 1, 8);[1, 4, 50, 10, 10, 5, 6, 5];אדנייהוה;162720;(12, 50, 9, 2, 162720);אדני;1;(12, 50, 9, 3, 627115);הן אדני יהוה יעזר לי מי הוא ירשיעני הן כלם כבגד יבלו עש יאכלם
(628796, 1, 8);[1, 4, 50, 10, 10, 5, 6, 5];אדנייהוה;163144;(12, 52, 4, 4, 163144);אדני;1;(12, 52, 4, 8, 628796);כי כה אמר אדני יהוה מצרים ירד עמי בראשנה לגור שם ואשור באפס עשקו
(632147, 1, 8);[1, 4, 50, 10, 10, 5, 6, 5];אדנייהוה;163994;(12, 56, 8, 2, 163994);אדני;1;(12, 56, 8, 4, 632147);נאם אדני יהוה מקבץ נדחי ישראל עוד אקבץ עליו לנקבציו
(636695, 1, 8);[1, 4, 50, 10, 10, 5, 6, 5];אדנייהוה;165117;(12, 61, 1, 2, 165117);אדני;1;(12, 61, 1, 4, 636695);רוח אדני יהוה עלי יען משח יהוה אתי לבשר ענוים שלחני לחבש לנשברי לב לקרא לשבוים דרור ולאסורים פקח קוח
(637334, 1, 8);[1, 4, 50, 10, 10, 5, 6, 5];אדנייהוה;165273;(12, 61, 11, 9, 165273);אדני;1;(12, 61, 11, 34, 637334);כי כארץ תוציא צמחה וכגנה זרועיה תצמיח כן אדני יהוה יצמיח צדקה ותהלה נגד כל הגוים
(640214, 1, 8);[1, 4, 50, 10, 10, 5, 6, 5];אדנייהוה;165996;(12, 65, 13, 4, 165996);אדני;1;(12, 65, 13, 9, 640214);לכן כה אמר אדני יהוה הנה עבדי יאכלו ואתם תרעבו הנה עבדי ישתו ואתם תצמאו הנה עבדי ישמחו ואתם תבשו
(640357, 1, 8);[1, 4, 50, 10, 10, 5, 6, 5];אדנייהוה;166030;(12, 65, 15, 6, 166030);אדני;1;(12, 65, 15, 29, 640357);והנחתם שמכם לשבועה לבחירי והמיתך אדני יהוה ולעבדיו יקרא שם אחר
(642751, 1, 8);[1, 4, 50, 10, 10, 5, 6, 5];אדנייהוה;166638;(13, 1, 6, 3, 166638);אדני;1;(13, 1, 6, 8, 642751);ואמר אהה אדני יהוה הנה לא ידעתי דבר כי נער אנכי
(644508, 1, 8);[1, 4, 50, 10, 10, 5, 6, 5];אדנייהוה;167093;(13, 2, 19, 18, 167093);אדני;1;(13, 2, 19, 68, 644508);תיסרך רעתך ומשבותיך תוכחך ודעי וראי כי רע ומר עזבך את יהוה אלהיך ולא פחדתי אליך נאם אדני יהוה צבאות
(644680, 1, 8);[1, 4, 50, 10, 10, 5, 6, 5];אדנייהוה;167140;(13, 2, 22, 12, 167140);אדני;1;(13, 2, 22, 40, 644680);כי אם תכבסי בנתר ותרבי לך ברית נכתם עונך לפני נאם אדני יהוה
(647643, 1, 8);[1, 4, 50, 10, 10, 5, 6, 5];אדנייהוה;167891;(13, 4, 10, 3, 167891);אדני;1;(13, 4, 10, 8, 647643);ואמר אהה אדני יהוה אכן השא השאת לעם הזה ולירושלם לאמר שלום יהיה לכם ונגעה חרב עד הנפש
(653126, 1, 8);[1, 4, 50, 10, 10, 5, 6, 5];אדנייהוה;169316;(13, 7, 20, 4, 169316);אדני;1;(13, 7, 20, 9, 653126);לכן כה אמר אדני יהוה הנה אפי וחמתי נתכת אל המקום הזה על האדם ועל הבהמה ועל עץ השדה ועל פרי האדמה ובערה ולא תכבה
(662726, 1, 8);[1, 4, 50, 10, 10, 5, 6, 5];אדנייהוה;171791;(13, 14, 13, 3, 171791);אדני;1;(13, 14, 13, 8, 662726);ואמר אהה אדני יהוה הנה הנבאים אמרים להם לא תראו חרב ורעב לא יהיה לכם כי שלום אמת אתן לכם במקום הזה
(690741, 1, 8);[1, 4, 50, 10, 10, 5, 6, 5];אדנייהוה;179020;(13, 32, 17, 2, 179020);אדני;1;(13, 32, 17, 4, 690741);אהה אדני יהוה הנה אתה עשית את השמים ואת הארץ בכחך הגדול ובזרעך הנטויה לא יפלא ממך כל דבר
(691301, 1, 8);[1, 4, 50, 10, 10, 5, 6, 5];אדנייהוה;179162;(13, 32, 25, 4, 179162);אדני;1;(13, 32, 25, 12, 691301);ואתה אמרת אלי אדני יהוה קנה לך השדה בכסף והעד עדים והעיר נתנה ביד הכשדים
(711874, 1, 8);[1, 4, 50, 10, 10, 5, 6, 5];אדנייהוה;184405;(13, 44, 26, 27, 184405);אדני;1;(13, 44, 26, 97, 711874);לכן שמעו דבר יהוה כל יהודה הישבים בארץ מצרים הנני נשבעתי בשמי הגדול אמר יהוה אם יהיה עוד שמי נקרא בפי כל איש יהודה אמר חי אדני יהוה בכל ארץ מצרים
(713048, 1, 8);[1, 4, 50, 10, 10, 5, 6, 5];אדנייהוה;184706;(13, 46, 10, 3, 184706);לאדני;2;(13, 46, 10, 11, 713048);והיום ההוא לאדני יהוה צבאות יום נקמה להנקם מצריו ואכלה חרב ושבעה ורותה מדמם כי זבח לאדני יהוה צבאות בארץ צפון אל נהר פרת
(713106, 1, 8);[1, 4, 50, 10, 10, 5, 6, 5];אדנייהוה;184720;(13, 46, 10, 17, 184720);לאדני;2;(13, 46, 10, 69, 713106);והיום ההוא לאדני יהוה צבאות יום נקמה להנקם מצריו ואכלה חרב ושבעה ורותה מדמם כי זבח לאדני יהוה צבאות בארץ צפון אל נהר פרת
(717081, 1, 8);[1, 4, 50, 10, 10, 5, 6, 5];אדנייהוה;185762;(13, 49, 5, 6, 185762);אדני;1;(13, 49, 5, 19, 717081);הנני מביא עליך פחד נאם אדני יהוה צבאות מכל סביביך ונדחתם איש לפניו ואין מקבץ לנדד
(720462, 1, 8);[1, 4, 50, 10, 10, 5, 6, 5];אדנייהוה;186633;(13, 50, 25, 12, 186633);לאדני;2;(13, 50, 25, 40, 720462);פתח יהוה את אוצרו ויוצא את כלי זעמו כי מלאכה היא לאדני יהוה צבאות בארץ כשדים
(720789, 1, 8);[1, 4, 50, 10, 10, 5, 6, 5];אדנייהוה;186720;(13, 50, 31, 5, 186720);אדני;1;(13, 50, 31, 16, 720789);הנני אליך זדון נאם אדני יהוה צבאות כי בא יומך עת פקדתיך
(729218, 1, 8);[1, 4, 50, 10, 10, 5, 6, 5];אדנייהוה;188849;(14, 2, 4, 14, 188849);אדני;1;(14, 2, 4, 52, 729218);והבנים קשי פנים וחזקי לב אני שולח אותך אליהם ואמרת אליהם כה אמר אדני יהוה
(730139, 1, 8);[1, 4, 50, 10, 10, 5, 6, 5];אדנייהוה;189108;(14, 3, 11, 14, 189108);אדני;1;(14, 3, 11, 46, 730139);ולך בא אל הגולה אל בני עמך ודברת אליהם ואמרת אליהם כה אמר אדני יהוה אם ישמעו ואם יחדלו
(731055, 1, 8);[1, 4, 50, 10, 10, 5, 6, 5];אדנייהוה;189347;(14, 3, 27, 10, 189347);אדני;1;(14, 3, 27, 35, 731055);ובדברי אותך אפתח את פיך ואמרת אליהם כה אמר אדני יהוה השמע ישמע והחדל יחדל כי בית מרי המה
(731892, 1, 8);[1, 4, 50, 10, 10, 5, 6, 5];אדנייהוה;189562;(14, 4, 14, 3, 189562);אדני;1;(14, 4, 14, 8, 731892);ואמר אהה אדני יהוה הנה נפשי לא מטמאה ונבלה וטרפה לא אכלתי מנעורי ועד עתה ולא בא בפי בשר פגול
(732388, 1, 8);[1, 4, 50, 10, 10, 5, 6, 5];אדנייהוה;189689;(14, 5, 5, 3, 189689);אדני;1;(14, 5, 5, 6, 732388);כה אמר אדני יהוה זאת ירושלם בתוך הגוים שמתיה וסביבותיה ארצות
(732518, 1, 8);[1, 4, 50, 10, 10, 5, 6, 5];אדנייהוה;189720;(14, 5, 7, 4, 189720);אדני;1;(14, 5, 7, 9, 732518);לכן כה אמר אדני יהוה יען המנכם מן הגוים אשר סביבותיכם בחקותי לא הלכתם ואת משפטי לא עשיתם וכמשפטי הגוים אשר סביבותיכם לא עשיתם
(732620, 1, 8);[1, 4, 50, 10, 10, 5, 6, 5];אדנייהוה;189744;(14, 5, 8, 4, 189744);אדני;1;(14, 5, 8, 9, 732620);לכן כה אמר אדני יהוה הנני עליך גם אני ועשיתי בתוכך משפטים לעיני הגוים
(732801, 1, 8);[1, 4, 50, 10, 10, 5, 6, 5];אדנייהוה;189791;(14, 5, 11, 5, 189791);אדני;1;(14, 5, 11, 12, 732801);לכן חי אני נאם אדני יהוה אם לא יען את מקדשי טמאת בכל שקוציך ובכל תועבתיך וגם אני אגרע ולא תחוס עיני וגם אני לא אחמול
(733366, 1, 8);[1, 4, 50, 10, 10, 5, 6, 5];אדנייהוה;189927;(14, 6, 3, 6, 189927);אדני;1;(14, 6, 3, 21, 733366);ואמרת הרי ישראל שמעו דבר אדני יהוה כה אמר אדני יהוה להרים ולגבעות לאפיקים ולגאית  הנני אני מביא עליכם חרב ואבדתי במותיכם
(733379, 1, 8);[1, 4, 50, 10, 10, 5, 6, 5];אדנייהוה;189931;(14, 6, 3, 10, 189931);אדני;1;(14, 6, 3, 34, 733379);ואמרת הרי ישראל שמעו דבר אדני יהוה כה אמר אדני יהוה להרים ולגבעות לאפיקים ולגאית  הנני אני מביא עליכם חרב ואבדתי במותיכם
(733891, 1, 8);[1, 4, 50, 10, 10, 5, 6, 5];אדנייהוה;190038;(14, 6, 11, 3, 190038);אדני;1;(14, 6, 11, 6, 733891);כה אמר אדני יהוה הכה בכפך ורקע ברגלך ואמר אח אל כל תועבות רעות בית ישראל אשר בחרב ברעב ובדבר יפלו
(734256, 1, 8);[1, 4, 50, 10, 10, 5, 6, 5];אדנייהוה;190130;(14, 7, 2, 6, 190130);אדני;1;(14, 7, 2, 15, 734256);ואתה בן אדם כה אמר אדני יהוה לאדמת ישראל קץ בא הקץ על ארבעת  כנפות הארץ
(734427, 1, 8);[1, 4, 50, 10, 10, 5, 6, 5];אדנייהוה;190173;(14, 7, 5, 3, 190173);אדני;1;(14, 7, 5, 6, 734427);כה אמר אדני יהוה רעה אחת רעה הנה באה
(735650, 1, 8);[1, 4, 50, 10, 10, 5, 6, 5];אדנייהוה;190480;(14, 8, 1, 18, 190480);אדני;1;(14, 8, 1, 70, 735650);ויהי בשנה הששית בששי בחמשה לחדש אני יושב בביתי וזקני יהודה יושבים לפני ותפל עלי שם יד אדני יהוה
(737409, 1, 8);[1, 4, 50, 10, 10, 5, 6, 5];אדנייהוה;190920;(14, 9, 8, 11, 190920);אדני;1;(14, 9, 8, 42, 737409);ויהי כהכותם ונאשאר אני ואפלה על פני ואזעק ואמר אהה אדני יהוה המשחית אתה את כל שארית ישראל בשפכך את חמתך על ירושלם
(739287, 1, 8);[1, 4, 50, 10, 10, 5, 6, 5];אדנייהוה;191376;(14, 11, 7, 4, 191376);אדני;1;(14, 11, 7, 9, 739287);לכן כה אמר אדני יהוה חלליכם אשר שמתם בתוכה המה הבשר והיא הסיר ואתכם הוציא מתוכה
(739367, 1, 8);[1, 4, 50, 10, 10, 5, 6, 5];אדנייהוה;191395;(14, 11, 8, 7, 191395);אדני;1;(14, 11, 8, 25, 739367);חרב יראתם וחרב אביא עליכם נאם אדני יהוה
(739640, 1, 8);[1, 4, 50, 10, 10, 5, 6, 5];אדנייהוה;191462;(14, 11, 13, 15, 191462);אדני;1;(14, 11, 13, 54, 739640);ויהי כהנבאי ופלטיהו בן בניה מת ואפל על פני ואזעק קול גדול ואמר אהה אדני יהוה כלה אתה עשה את שארית ישראל
(739785, 1, 8);[1, 4, 50, 10, 10, 5, 6, 5];אדנייהוה;191502;(14, 11, 16, 5, 191502);אדני;1;(14, 11, 16, 12, 739785);לכן אמר כה אמר אדני יהוה כי הרחקתים בגוים וכי הפיצותים בארצות ואהי להם למקדש מעט בארצות אשר באו שם
(739864, 1, 8);[1, 4, 50, 10, 10, 5, 6, 5];אדנייהוה;191522;(14, 11, 17, 5, 191522);אדני;1;(14, 11, 17, 12, 739864);לכן אמר כה אמר אדני יהוה וקבצתי אתכם מן העמים ואספתי אתכם מן הארצות אשר נפצותם בהם ונתתי לכם את אדמת ישראל
(740141, 1, 8);[1, 4, 50, 10, 10, 5, 6, 5];אדנייהוה;191591;(14, 11, 21, 11, 191591);אדני;1;(14, 11, 21, 45, 740141);ואל לב שקוציהם ותועבותיהם לבם הלך דרכם בראשם נתתי נאם אדני יהוה
(740824, 1, 8);[1, 4, 50, 10, 10, 5, 6, 5];אדנייהוה;191765;(14, 12, 10, 5, 191765);אדני;1;(14, 12, 10, 14, 740824);אמר אליהם כה אמר אדני יהוה הנשיא המשא הזה בירושלם וכל בית ישראל אשר המה בתוכם
(741312, 1, 8);[1, 4, 50, 10, 10, 5, 6, 5];אדנייהוה;191888;(14, 12, 19, 7, 191888);אדני;1;(14, 12, 19, 19, 741312);ואמרת אל עם הארץ כה אמר אדני יהוה ליושבי ירושלם אל אדמת ישראל לחמם בדאגה יאכלו ומימיהם בשממון ישתו למען תשם ארצה ממלאה מחמס כל הישבים בה
(741537, 1, 8);[1, 4, 50, 10, 10, 5, 6, 5];אדנייהוה;191944;(14, 12, 23, 6, 191944);אדני;1;(14, 12, 23, 17, 741537);לכן אמר אליהם כה אמר אדני יהוה השבתי את המשל הזה ולא ימשלו אתו עוד בישראל כי אם דבר אליהם קרבו הימים ודבר כל חזון
(741721, 1, 8);[1, 4, 50, 10, 10, 5, 6, 5];אדנייהוה;191996;(14, 12, 25, 21, 191996);אדני;1;(14, 12, 25, 72, 741721);כי אני יהוה אדבר את אשר אדבר דבר ויעשה לא תמשך עוד כי בימיכם בית המרי אדבר דבר ועשיתיו נאם אדני יהוה
(741825, 1, 8);[1, 4, 50, 10, 10, 5, 6, 5];אדנייהוה;192024;(14, 12, 28, 6, 192024);אדני;1;(14, 12, 28, 17, 741825);לכן אמר אליהם כה אמר אדני יהוה לא תמשך עוד כל דברי אשר אדבר דבר ויעשה נאם אדני יהוה
(741866, 1, 8);[1, 4, 50, 10, 10, 5, 6, 5];אדנייהוה;192036;(14, 12, 28, 18, 192036);אדני;1;(14, 12, 28, 58, 741866);לכן אמר אליהם כה אמר אדני יהוה לא תמשך עוד כל דברי אשר אדבר דבר ויעשה נאם אדני יהוה
(741950, 1, 8);[1, 4, 50, 10, 10, 5, 6, 5];אדנייהוה;192058;(14, 13, 3, 3, 192058);אדני;1;(14, 13, 3, 6, 741950);כה אמר אדני יהוה הוי על הנביאים הנבלים אשר הלכים אחר רוחם ולבלתי ראו
(742186, 1, 8);[1, 4, 50, 10, 10, 5, 6, 5];אדנייהוה;192116;(14, 13, 8, 4, 192116);אדני;1;(14, 13, 8, 9, 742186);לכן כה אמר אדני יהוה יען דברכם שוא וחזיתם כזב לכן הנני אליכם נאם אדני יהוה
(742229, 1, 8);[1, 4, 50, 10, 10, 5, 6, 5];אדנייהוה;192127;(14, 13, 8, 15, 192127);אדני;1;(14, 13, 8, 52, 742229);לכן כה אמר אדני יהוה יען דברכם שוא וחזיתם כזב לכן הנני אליכם נאם אדני יהוה
(742334, 1, 8);[1, 4, 50, 10, 10, 5, 6, 5];אדנייהוה;192154;(14, 13, 9, 26, 192154);אדני;1;(14, 13, 9, 98, 742334);והיתה ידי אל הנביאים החזים שוא והקסמים כזב בסוד עמי לא יהיו ובכתב בית ישראל לא יכתבו ואל אדמת ישראל לא יבאו וידעתם כי אני אדני יהוה
(742503, 1, 8);[1, 4, 50, 10, 10, 5, 6, 5];אדנייהוה;192200;(14, 13, 13, 4, 192200);אדני;1;(14, 13, 13, 9, 742503);לכן כה אמר אדני יהוה ובקעתי רוח סערות בחמתי וגשם שטף באפי יהיה ואבני אלגביש בחמה לכלה
(742743, 1, 8);[1, 4, 50, 10, 10, 5, 6, 5];אדנייהוה;192258;(14, 13, 16, 13, 192258);אדני;1;(14, 13, 16, 50, 742743);נביאי ישראל הנבאים אל ירושלם והחזים לה חזון שלם ואין שלם נאם אדני יהוה
(742809, 1, 8);[1, 4, 50, 10, 10, 5, 6, 5];אדנייהוה;192275;(14, 13, 18, 4, 192275);אדני;1;(14, 13, 18, 11, 742809);ואמרת כה אמר אדני יהוה הוי למתפרות כסתות על כל אצילי ידי ועשות המספחות על ראש כל קומה לצודד נפשות הנפשות תצודדנה לעמי ונפשות לכנה תחיינה
(743013, 1, 8);[1, 4, 50, 10, 10, 5, 6, 5];אדנייהוה;192323;(14, 13, 20, 4, 192323);אדני;1;(14, 13, 20, 9, 743013);לכן כה אמר אדני יהוה הנני אל כסתותיכנה אשר אתנה מצדדות שם את הנפשות לפרחות וקרעתי אתם מעל זרועתיכם ושלחתי את הנפשות אשר אתם מצדדות את נפשים לפרחת
(743454, 1, 8);[1, 4, 50, 10, 10, 5, 6, 5];אדנייהוה;192431;(14, 14, 4, 8, 192431);אדני;1;(14, 14, 4, 26, 743454);לכן דבר אותם ואמרת אליהם כה אמר אדני יהוה איש איש מבית ישראל אשר יעלה את גלוליו אל לבו ומכשול עונו ישים נכח פניו ובא אל הנביא אני יהוה נעניתי לו בה  ברב גלוליו
(743618, 1, 8);[1, 4, 50, 10, 10, 5, 6, 5];אדנייהוה;192476;(14, 14, 6, 8, 192476);אדני;1;(14, 14, 6, 22, 743618);לכן אמר אל בית ישראל כה אמר אדני יהוה שובו והשיבו מעל גלוליכם ומעל כל תועבתיכם השיבו פניכם
(744030, 1, 8);[1, 4, 50, 10, 10, 5, 6, 5];אדנייהוה;192578;(14, 14, 11, 21, 192578);אדני;1;(14, 14, 11, 76, 744030);למען לא יתעו עוד בית ישראל מאחרי ולא יטמאו עוד בכל פשעיהם והיו לי לעם ואני אהיה להם לאלהים נאם אדני יהוה
(744191, 1, 8);[1, 4, 50, 10, 10, 5, 6, 5];אדנייהוה;192620;(14, 14, 14, 14, 192620);אדני;1;(14, 14, 14, 56, 744191);והיו שלשת האנשים האלה בתוכה נח דנאל  ואיוב המה בצדקתם ינצלו נפשם נאם אדני יהוה
(744274, 1, 8);[1, 4, 50, 10, 10, 5, 6, 5];אדנייהוה;192641;(14, 14, 16, 8, 192641);אדני;1;(14, 14, 16, 28, 744274);שלשת האנשים האלה בתוכה חי אני נאם אדני יהוה אם בנים ואם בנות יצילו המה לבדם ינצלו והארץ תהיה שממה
(744407, 1, 8);[1, 4, 50, 10, 10, 5, 6, 5];אדנייהוה;192675;(14, 14, 18, 8, 192675);אדני;1;(14, 14, 18, 29, 744407);ושלשת האנשים האלה בתוכה חי אני נאם אדני יהוה לא יצילו בנים ובנות כי הם לבדם ינצלו
(744523, 1, 8);[1, 4, 50, 10, 10, 5, 6, 5];אדנייהוה;192706;(14, 14, 20, 8, 192706);אדני;1;(14, 14, 20, 26, 744523);ונח דנאל  ואיוב בתוכה חי אני נאם אדני יהוה אם בן אם בת יצילו המה בצדקתם יצילו נפשם
(744569, 1, 8);[1, 4, 50, 10, 10, 5, 6, 5];אדנייהוה;192720;(14, 14, 21, 4, 192720);אדני;1;(14, 14, 21, 8, 744569);כי כה אמר אדני יהוה אף כי ארבעת שפטי הרעים חרב ורעב וחיה רעה ודבר שלחתי אל ירושלם להכרית ממנה אדם ובהמה
(744821, 1, 8);[1, 4, 50, 10, 10, 5, 6, 5];אדנייהוה;192785;(14, 14, 23, 20, 192785);אדני;1;(14, 14, 23, 67, 744821);ונחמו אתכם כי תראו את דרכם ואת עלילותם וידעתם כי לא חנם עשיתי את כל אשר עשיתי בה נאם אדני יהוה
(745051, 1, 8);[1, 4, 50, 10, 10, 5, 6, 5];אדנייהוה;192848;(14, 15, 6, 4, 192848);אדני;1;(14, 15, 6, 9, 745051);לכן כה אמר אדני יהוה כאשר עץ הגפן בעץ היער אשר נתתיו לאש לאכלה כן נתתי את ישבי ירושלם
(745196, 1, 8);[1, 4, 50, 10, 10, 5, 6, 5];אדנייהוה;192888;(14, 15, 8, 9, 192888);אדני;1;(14, 15, 8, 29, 745196);ונתתי את הארץ שממה יען מעלו מעל נאם אדני יהוה
(745258, 1, 8);[1, 4, 50, 10, 10, 5, 6, 5];אדנייהוה;192905;(14, 16, 3, 4, 192905);אדני;1;(14, 16, 3, 11, 745258);ואמרת כה אמר אדני יהוה לירושלם מכרתיך ומלדתיך מארץ הכנעני אביך האמרי ואמך חתית
(745646, 1, 8);[1, 4, 50, 10, 10, 5, 6, 5];אדנייהוה;192999;(14, 16, 8, 19, 192999);אדני;1;(14, 16, 8, 74, 745646);ואעבר עליך ואראך והנה עתך עת דדים ואפרש כנפי עליך ואכסה ערותך ואשבע לך ואבוא בברית אתך נאם אדני יהוה ותהיי לי
(745926, 1, 8);[1, 4, 50, 10, 10, 5, 6, 5];אדנייהוה;193066;(14, 16, 14, 14, 193066);אדני;1;(14, 16, 14, 47, 745926);ויצא לך שם בגוים ביפיך כי כליל הוא בהדרי אשר שמתי עליך נאם אדני יהוה
(746191, 1, 8);[1, 4, 50, 10, 10, 5, 6, 5];אדנייהוה;193130;(14, 16, 19, 15, 193130);אדני;1;(14, 16, 19, 61, 746191);ולחמי אשר נתתי לך סלת ושמן ודבש האכלתיך ונתתיהו לפניהם לריח ניחח ויהי נאם אדני יהוה
(746374, 1, 8);[1, 4, 50, 10, 10, 5, 6, 5];אדנייהוה;193175;(14, 16, 23, 9, 193175);אדני;1;(14, 16, 23, 26, 746374);ויהי אחרי כל רעתך אוי אוי לך נאם אדני יהוה
(746675, 1, 8);[1, 4, 50, 10, 10, 5, 6, 5];אדנייהוה;193252;(14, 16, 30, 5, 193252);אדני;1;(14, 16, 30, 14, 746675);מה אמלה לבתך נאם אדני יהוה בעשותך את כל אלה מעשה אשה זונה שלטת
(746949, 1, 8);[1, 4, 50, 10, 10, 5, 6, 5];אדנייהוה;193323;(14, 16, 36, 3, 193323);אדני;1;(14, 16, 36, 6, 746949);כה אמר אדני יהוה יען השפך נחשתך ותגלה ערותך בתזנותיך על מאהביך ועל כל גלולי תועבותיך וכדמי בניך אשר נתת להם
(747453, 1, 8);[1, 4, 50, 10, 10, 5, 6, 5];אדנייהוה;193447;(14, 16, 43, 19, 193447);אדני;1;(14, 16, 43, 62, 747453);יען אשר לא זכרתי  את ימי נעוריך ותרגזי לי בכל אלה וגם אני הא דרכך בראש נתתי נאם אדני יהוה ולא עשיתי  את הזמה על כל תועבתיך
(747721, 1, 8);[1, 4, 50, 10, 10, 5, 6, 5];אדנייהוה;193510;(14, 16, 48, 4, 193510);אדני;1;(14, 16, 48, 9, 747721);חי אני נאם אדני יהוה אם עשתה סדם אחותך היא ובנותיה כאשר עשית את ובנותיך
(748354, 1, 8);[1, 4, 50, 10, 10, 5, 6, 5];אדנייהוה;193655;(14, 16, 59, 4, 193655);אדני;1;(14, 16, 59, 8, 748354);כי כה אמר אדני יהוה ועשית  אותך כאשר עשית אשר בזית אלה להפר ברית
(748616, 1, 8);[1, 4, 50, 10, 10, 5, 6, 5];אדנייהוה;193721;(14, 16, 63, 18, 193721);אדני;1;(14, 16, 63, 62, 748616);למען תזכרי ובשת ולא יהיה לך עוד פתחון פה מפני כלמתך בכפרי לך לכל אשר עשית נאם אדני יהוה
(748681, 1, 8);[1, 4, 50, 10, 10, 5, 6, 5];אדנייהוה;193740;(14, 17, 3, 4, 193740);אדני;1;(14, 17, 3, 11, 748681);ואמרת כה אמר אדני יהוה הנשר הגדול גדול הכנפים ארך האבר מלא הנוצה אשר לו הרקמה בא אל הלבנון ויקח את צמרת הארז
(749078, 1, 8);[1, 4, 50, 10, 10, 5, 6, 5];אדנייהוה;193840;(14, 17, 9, 4, 193840);אדני;1;(14, 17, 9, 9, 749078);אמר כה אמר אדני יהוה תצלח הלוא את שרשיה ינתק ואת פריה יקוסס ויבש כל טרפי צמחה תיבש ולא בזרע גדולה ובעם רב למשאות אותה משרשיה
(749485, 1, 8);[1, 4, 50, 10, 10, 5, 6, 5];אדנייהוה;193947;(14, 17, 16, 4, 193947);אדני;1;(14, 17, 16, 9, 749485);חי אני נאם אדני יהוה אם לא במקום המלך הממליך אתו אשר בזה את אלתו ואשר הפר את בריתו אתו בתוך בבל ימות
(749671, 1, 8);[1, 4, 50, 10, 10, 5, 6, 5];אדנייהוה;193998;(14, 17, 19, 4, 193998);אדני;1;(14, 17, 19, 9, 749671);לכן כה אמר אדני יהוה חי אני אם לא אלתי אשר בזה ובריתי אשר הפיר ונתתיו בראשו
(749856, 1, 8);[1, 4, 50, 10, 10, 5, 6, 5];אדנייהוה;194044;(14, 17, 22, 3, 194044);אדני;1;(14, 17, 22, 6, 749856);כה אמר אדני יהוה ולקחתי אני מצמרת הארז הרמה ונתתי מראש ינקותיו רך אקטף ושתלתי אני על הר גבה ותלול
(750184, 1, 8);[1, 4, 50, 10, 10, 5, 6, 5];אדנייהוה;194130;(14, 18, 3, 4, 194130);אדני;1;(14, 18, 3, 9, 750184);חי אני נאם אדני יהוה אם יהיה לכם עוד משל המשל הזה בישראל
(750517, 1, 8);[1, 4, 50, 10, 10, 5, 6, 5];אדנייהוה;194224;(14, 18, 9, 12, 194224);אדני;1;(14, 18, 9, 45, 750517);בחקותי יהלך ומשפטי שמר לעשות אמת צדיק הוא חיה יחיה נאם אדני יהוה
(751246, 1, 8);[1, 4, 50, 10, 10, 5, 6, 5];אדנייהוה;194435;(14, 18, 23, 6, 194435);אדני;1;(14, 18, 23, 18, 751246);החפץ אחפץ מות רשע נאם אדני יהוה הלוא בשובו מדרכיו וחיה
(751652, 1, 8);[1, 4, 50, 10, 10, 5, 6, 5];אדנייהוה;194540;(14, 18, 30, 9, 194540);אדני;1;(14, 18, 30, 32, 751652);לכן איש כדרכיו אשפט אתכם בית ישראל נאם אדני יהוה שובו והשיבו מכל פשעיכם ולא יהיה לכם למכשול עון
(751784, 1, 8);[1, 4, 50, 10, 10, 5, 6, 5];אדנייהוה;194575;(14, 18, 32, 7, 194575);אדני;1;(14, 18, 32, 19, 751784);כי לא אחפץ במות המת נאם אדני יהוה והשיבו וחיו
(752554, 1, 8);[1, 4, 50, 10, 10, 5, 6, 5];אדנייהוה;194766;(14, 20, 3, 11, 194766);אדני;1;(14, 20, 3, 34, 752554);בן אדם דבר את זקני ישראל ואמרת אלהם כה אמר אדני יהוה הלדרש אתי אתם באים חי אני אם אדרש לכם נאם אדני יהוה
(752594, 1, 8);[1, 4, 50, 10, 10, 5, 6, 5];אדנייהוה;194778;(14, 20, 3, 23, 194778);אדני;1;(14, 20, 3, 74, 752594);בן אדם דבר את זקני ישראל ואמרת אלהם כה אמר אדני יהוה הלדרש אתי אתם באים חי אני אם אדרש לכם נאם אדני יהוה
(752654, 1, 8);[1, 4, 50, 10, 10, 5, 6, 5];אדנייהוה;194793;(14, 20, 5, 5, 194793);אדני;1;(14, 20, 5, 16, 752654);ואמרת אליהם כה אמר אדני יהוה ביום בחרי בישראל ואשא ידי לזרע בית יעקב ואודע להם בארץ מצרים ואשא ידי להם לאמר אני יהוה אלהיכם
(754095, 1, 8);[1, 4, 50, 10, 10, 5, 6, 5];אדנייהוה;195151;(14, 20, 27, 12, 195151);אדני;1;(14, 20, 27, 37, 754095);לכן דבר אל בית ישראל בן אדם ואמרת אליהם כה אמר אדני יהוה עוד זאת גדפו אותי אבותיכם במעלם בי מעל
(754325, 1, 8);[1, 4, 50, 10, 10, 5, 6, 5];אדנייהוה;195215;(14, 20, 30, 8, 195215);אדני;1;(14, 20, 30, 22, 754325);לכן אמר אל בית ישראל כה אמר אדני יהוה הבדרך אבותיכם אתם נטמאים ואחרי שקוציהם אתם זנים
(754451, 1, 8);[1, 4, 50, 10, 10, 5, 6, 5];אדנייהוה;195244;(14, 20, 31, 20, 195244);אדני;1;(14, 20, 31, 79, 754451);ובשאת מתנתיכם בהעביר בניכם באש אתם נטמאים לכל גלוליכם עד היום ואני אדרש לכם בית ישראל חי אני נאם אדני יהוה אם אדרש לכם
(754540, 1, 8);[1, 4, 50, 10, 10, 5, 6, 5];אדנייהוה;195268;(14, 20, 33, 4, 195268);אדני;1;(14, 20, 33, 9, 754540);חי אני נאם אדני יהוה אם לא ביד חזקה ובזרוע נטויה ובחמה שפוכה אמלוך עליכם
(754754, 1, 8);[1, 4, 50, 10, 10, 5, 6, 5];אדנייהוה;195319;(14, 20, 36, 12, 195319);אדני;1;(14, 20, 36, 46, 754754);כאשר נשפטתי את אבותיכם במדבר ארץ מצרים כן אשפט אתכם נאם אדני יהוה
(754895, 1, 8);[1, 4, 50, 10, 10, 5, 6, 5];אדנייהוה;195352;(14, 20, 39, 6, 195352);אדני;1;(14, 20, 39, 18, 754895);ואתם בית ישראל כה אמר אדני יהוה איש גלוליו לכו עבדו ואחר אם אינכם שמעים אלי ואת שם קדשי לא תחללו עוד במתנותיכם ובגלוליכם
(754999, 1, 8);[1, 4, 50, 10, 10, 5, 6, 5];אדנייהוה;195378;(14, 20, 40, 8, 195378);אדני;1;(14, 20, 40, 25, 754999);כי בהר קדשי בהר מרום ישראל נאם אדני יהוה שם יעבדני כל בית ישראל כלה בארץ שם ארצם ושם אדרוש את תרומתיכם ואת ראשית משאותיכם בכל קדשיכם
(755379, 1, 8);[1, 4, 50, 10, 10, 5, 6, 5];אדנייהוה;195467;(14, 20, 44, 17, 195467);אדני;1;(14, 20, 44, 76, 755379);וידעתם כי אני יהוה בעשותי אתכם למען שמי לא כדרכיכם הרעים וכעלילותיכם הנשחתות בית ישראל נאם אדני יהוה
(755480, 1, 8);[1, 4, 50, 10, 10, 5, 6, 5];אדנייהוה;195496;(14, 21, 3, 9, 195496);אדני;1;(14, 21, 3, 29, 755480);ואמרת ליער הנגב שמע דבר יהוה כה אמר אדני יהוה הנני מצית בך אש ואכלה בך כל עץ לח וכל עץ יבש לא תכבה להבת שלהבת ונצרבו בה כל פנים מנגב צפונה
(755596, 1, 8);[1, 4, 50, 10, 10, 5, 6, 5];אדנייהוה;195531;(14, 21, 5, 3, 195531);אדני;1;(14, 21, 5, 8, 755596);ואמר אהה אדני יהוה המה אמרים לי הלא ממשל משלים הוא
(756000, 1, 8);[1, 4, 50, 10, 10, 5, 6, 5];אדנייהוה;195639;(14, 21, 12, 31, 195639);אדני;1;(14, 21, 12, 103, 756000);והיה כי יאמרו אליך על מה אתה נאנח ואמרת אל שמועה כי באה ונמס כל לב ורפו כל ידים וכהתה כל רוח וכל ברכים תלכנה מים הנה באה ונהיתה נאם אדני יהוה
(756273, 1, 8);[1, 4, 50, 10, 10, 5, 6, 5];אדנייהוה;195721;(14, 21, 18, 11, 195721);אדני;1;(14, 21, 18, 29, 756273);כי בחן ומה אם גם שבט מאסת לא יהיה נאם אדני יהוה
(756822, 1, 8);[1, 4, 50, 10, 10, 5, 6, 5];אדנייהוה;195867;(14, 21, 29, 4, 195867);אדני;1;(14, 21, 29, 9, 756822);לכן כה אמר אדני יהוה יען הזכרכם עונכם בהגלות פשעיכם להראות חטאותיכם בכל עלילותיכם יען הזכרכם בכף תתפשו
(756940, 1, 8);[1, 4, 50, 10, 10, 5, 6, 5];אדנייהוה;195895;(14, 21, 31, 3, 195895);אדני;1;(14, 21, 31, 6, 756940);כה אמר אדני יהוה הסיר המצנפת והרים העטרה זאת לא זאת השפלה הגבה והגבה השפיל
(757063, 1, 8);[1, 4, 50, 10, 10, 5, 6, 5];אדנייהוה;195929;(14, 21, 33, 8, 195929);אדני;1;(14, 21, 33, 24, 757063);ואתה בן אדם הנבא ואמרת כה אמר אדני יהוה אל בני עמון ואל חרפתם ואמרת חרב חרב פתוחה לטבח מרוטה להכיל למען ברק
(757406, 1, 8);[1, 4, 50, 10, 10, 5, 6, 5];אדנייהוה;196019;(14, 22, 3, 4, 196019);אדני;1;(14, 22, 3, 11, 757406);ואמרת כה אמר אדני יהוה עיר שפכת דם בתוכה לבוא עתה ועשתה גלולים עליה לטמאה
(757868, 1, 8);[1, 4, 50, 10, 10, 5, 6, 5];אדנייהוה;196143;(14, 22, 12, 16, 196143);אדני;1;(14, 22, 12, 57, 757868);שחד לקחו בך למען שפך דם נשך ותרבית לקחת ותבצעי רעיך בעשק ואתי שכחת נאם אדני יהוה
(758136, 1, 8);[1, 4, 50, 10, 10, 5, 6, 5];אדנייהוה;196212;(14, 22, 19, 4, 196212);אדני;1;(14, 22, 19, 9, 758136);לכן כה אמר אדני יהוה יען היות כלכם לסגים לכן הנני קבץ אתכם אל תוך ירושלם
(758666, 1, 8);[1, 4, 50, 10, 10, 5, 6, 5];אדנייהוה;196344;(14, 22, 28, 13, 196344);אדני;1;(14, 22, 28, 46, 758666);ונביאיה טחו להם תפל חזים שוא וקסמים להם כזב אמרים כה אמר אדני יהוה ויהוה לא דבר
(758833, 1, 8);[1, 4, 50, 10, 10, 5, 6, 5];אדנייהוה;196387;(14, 22, 31, 11, 196387);אדני;1;(14, 22, 31, 45, 758833);ואשפך עליהם זעמי באש עברתי כליתים דרכם בראשם נתתי נאם אדני יהוה
(759886, 1, 8);[1, 4, 50, 10, 10, 5, 6, 5];אדנייהוה;196629;(14, 23, 22, 5, 196629);אדני;1;(14, 23, 22, 15, 759886);לכן אהליבה כה אמר אדני יהוה הנני מעיר את מאהביך עליך את אשר נקעה נפשך מהם והבאתים עליך מסביב
(760296, 1, 8);[1, 4, 50, 10, 10, 5, 6, 5];אדנייהוה;196726;(14, 23, 28, 4, 196726);אדני;1;(14, 23, 28, 8, 760296);כי כה אמר אדני יהוה הנני נתנך ביד אשר שנאת ביד אשר נקעה נפשך מהם
(760478, 1, 8);[1, 4, 50, 10, 10, 5, 6, 5];אדנייהוה;196770;(14, 23, 32, 3, 196770);אדני;1;(14, 23, 32, 6, 760478);כה אמר אדני יהוה כוס אחותך תשתי העמקה והרחבה תהיה לצחק וללעג מרבה להכיל
(760620, 1, 8);[1, 4, 50, 10, 10, 5, 6, 5];אדנייהוה;196803;(14, 23, 34, 13, 196803);אדני;1;(14, 23, 34, 51, 760620);ושתית אותה ומצית ואת חרשיה תגרמי ושדיך תנתקי כי אני דברתי נאם אדני יהוה
(760636, 1, 8);[1, 4, 50, 10, 10, 5, 6, 5];אדנייהוה;196808;(14, 23, 35, 4, 196808);אדני;1;(14, 23, 35, 9, 760636);לכן כה אמר אדני יהוה יען שכחת אותי ותשליכי אותי אחרי גוך וגם את שאי זמתך ואת תזנותיך
(761269, 1, 8);[1, 4, 50, 10, 10, 5, 6, 5];אדנייהוה;196967;(14, 23, 46, 4, 196967);אדני;1;(14, 23, 46, 8, 761269);כי כה אמר אדני יהוה העלה עליהם קהל ונתן אתהן לזעוה ולבז
(761459, 1, 8);[1, 4, 50, 10, 10, 5, 6, 5];אדנייהוה;197008;(14, 23, 49, 10, 197008);אדני;1;(14, 23, 49, 46, 761459);ונתנו זמתכנה עליכן וחטאי גלוליכן תשאינה וידעתם כי אני אדני יהוה
(761605, 1, 8);[1, 4, 50, 10, 10, 5, 6, 5];אדנייהוה;197049;(14, 24, 3, 10, 197049);אדני;1;(14, 24, 3, 32, 761605);ומשל אל בית המרי משל ואמרת אליהם כה אמר אדני יהוה שפת הסיר שפת וגם יצק בו מים
(761734, 1, 8);[1, 4, 50, 10, 10, 5, 6, 5];אדנייהוה;197085;(14, 24, 6, 4, 197085);אדני;1;(14, 24, 6, 9, 761734);לכן כה אמר אדני יהוה אוי עיר הדמים סיר אשר חלאתה בה וחלאתה לא יצאה ממנה לנתחיה לנתחיה הוציאה לא נפל עליה גורל
(761918, 1, 8);[1, 4, 50, 10, 10, 5, 6, 5];אדנייהוה;197135;(14, 24, 9, 4, 197135);אדני;1;(14, 24, 9, 9, 761918);לכן כה אמר אדני יהוה אוי עיר הדמים גם אני אגדיל המדורה
(762210, 1, 8);[1, 4, 50, 10, 10, 5, 6, 5];אדנייהוה;197206;(14, 24, 14, 16, 197206);אדני;1;(14, 24, 14, 66, 762210);אני יהוה דברתי באה ועשיתי לא אפרע ולא אחוס ולא אנחם כדרכיך וכעלילותיך שפטוך נאם אדני יהוה
(762492, 1, 8);[1, 4, 50, 10, 10, 5, 6, 5];אדנייהוה;197284;(14, 24, 21, 6, 197284);אדני;1;(14, 24, 21, 18, 762492);אמר לבית ישראל כה אמר אדני יהוה הנני מחלל את מקדשי גאון עזכם מחמד עיניכם ומחמל נפשכם ובניכם ובנותיכם אשר עזבתם בחרב יפלו
(762732, 1, 8);[1, 4, 50, 10, 10, 5, 6, 5];אדנייהוה;197340;(14, 24, 24, 13, 197340);אדני;1;(14, 24, 24, 47, 762732);והיה יחזקאל לכם למופת ככל אשר עשה תעשו בבאה וידעתם כי אני אדני יהוה
(762982, 1, 8);[1, 4, 50, 10, 10, 5, 6, 5];אדנייהוה;197404;(14, 25, 3, 6, 197404);אדני;1;(14, 25, 3, 21, 762982);ואמרת לבני עמון שמעו דבר אדני יהוה כה אמר אדני יהוה יען אמרך האח אל מקדשי כי נחל ואל אדמת ישראל כי נשמה ואל בית יהודה כי הלכו בגולה
(762995, 1, 8);[1, 4, 50, 10, 10, 5, 6, 5];אדנייהוה;197408;(14, 25, 3, 10, 197408);אדני;1;(14, 25, 3, 34, 762995);ואמרת לבני עמון שמעו דבר אדני יהוה כה אמר אדני יהוה יען אמרך האח אל מקדשי כי נחל ואל אדמת ישראל כי נשמה ואל בית יהודה כי הלכו בגולה
(763201, 1, 8);[1, 4, 50, 10, 10, 5, 6, 5];אדנייהוה;197463;(14, 25, 6, 4, 197463);אדני;1;(14, 25, 6, 8, 763201);כי כה אמר אדני יהוה יען מחאך יד ורקעך ברגל ותשמח בכל שאטך בנפש אל אדמת ישראל
(763344, 1, 8);[1, 4, 50, 10, 10, 5, 6, 5];אדנייהוה;197499;(14, 25, 8, 3, 197499);אדני;1;(14, 25, 8, 6, 763344);כה אמר אדני יהוה יען אמר מואב ושעיר הנה ככל הגוים בית יהודה
(763534, 1, 8);[1, 4, 50, 10, 10, 5, 6, 5];אדנייהוה;197548;(14, 25, 12, 3, 197548);אדני;1;(14, 25, 12, 6, 763534);כה אמר אדני יהוה יען עשות אדום בנקם נקם לבית יהודה ויאשמו אשום ונקמו בהם
(763595, 1, 8);[1, 4, 50, 10, 10, 5, 6, 5];אדנייהוה;197564;(14, 25, 13, 4, 197564);אדני;1;(14, 25, 13, 9, 763595);לכן כה אמר אדני יהוה ונטתי ידי על אדום והכרתי ממנה אדם ובהמה ונתתיה חרבה מתימן ודדנה בחרב יפלו
(763725, 1, 8);[1, 4, 50, 10, 10, 5, 6, 5];אדנייהוה;197595;(14, 25, 14, 16, 197595);אדני;1;(14, 25, 14, 63, 763725);ונתתי את נקמתי באדום ביד עמי ישראל ועשו באדום כאפי וכחמתי וידעו את נקמתי נאם אדני יהוה
(763738, 1, 8);[1, 4, 50, 10, 10, 5, 6, 5];אדנייהוה;197599;(14, 25, 15, 3, 197599);אדני;1;(14, 25, 15, 6, 763738);כה אמר אדני יהוה יען עשות פלשתים בנקמה וינקמו נקם בשאט בנפש למשחית איבת עולם
(763803, 1, 8);[1, 4, 50, 10, 10, 5, 6, 5];אדנייהוה;197615;(14, 25, 16, 4, 197615);אדני;1;(14, 25, 16, 9, 763803);לכן כה אמר אדני יהוה הנני נוטה ידי על פלשתים והכרתי את כרתים והאבדתי את שארית חוף הים
(764027, 1, 8);[1, 4, 50, 10, 10, 5, 6, 5];אדנייהוה;197674;(14, 26, 3, 4, 197674);אדני;1;(14, 26, 3, 9, 764027);לכן כה אמר אדני יהוה הנני עליך צר והעליתי עליך גוים רבים כהעלות הים לגליו
(764164, 1, 8);[1, 4, 50, 10, 10, 5, 6, 5];אדנייהוה;197707;(14, 26, 5, 10, 197707);אדני;1;(14, 26, 5, 34, 764164);משטח חרמים תהיה בתוך הים כי אני דברתי נאם אדני יהוה והיתה לבז לגוים
(764230, 1, 8);[1, 4, 50, 10, 10, 5, 6, 5];אדנייהוה;197724;(14, 26, 7, 4, 197724);אדני;1;(14, 26, 7, 8, 764230);כי כה אמר אדני יהוה הנני מביא אל צר נבוכדראצר מלך בבל מצפון מלך מלכים בסוס וברכב ובפרשים וקהל ועם רב
(764676, 1, 8);[1, 4, 50, 10, 10, 5, 6, 5];אדנייהוה;197827;(14, 26, 14, 15, 197827);אדני;1;(14, 26, 14, 54, 764676);ונתתיך לצחיח סלע משטח חרמים תהיה לא תבנה עוד כי אני יהוה דברתי נאם אדני יהוה
(764689, 1, 8);[1, 4, 50, 10, 10, 5, 6, 5];אדנייהוה;197831;(14, 26, 15, 3, 197831);אדני;1;(14, 26, 15, 6, 764689);כה אמר אדני יהוה לצור הלא מקול מפלתך באנק חלל בהרג הרג בתוכך ירעשו האיים
(764977, 1, 8);[1, 4, 50, 10, 10, 5, 6, 5];אדנייהוה;197901;(14, 26, 19, 4, 197901);אדני;1;(14, 26, 19, 8, 764977);כי כה אמר אדני יהוה בתתי אתך עיר נחרבת כערים אשר לא נושבו בהעלות עליך את תהום וכסוך המים הרבים
(765175, 1, 8);[1, 4, 50, 10, 10, 5, 6, 5];אדנייהוה;197949;(14, 26, 21, 10, 197949);אדני;1;(14, 26, 21, 40, 765175);בלהות אתנך ואינך ותבקשי ולא תמצאי עוד לעולם נאם אדני יהוה
(765268, 1, 8);[1, 4, 50, 10, 10, 5, 6, 5];אדנייהוה;197976;(14, 27, 3, 14, 197976);אדני;1;(14, 27, 3, 49, 765268);ואמרת לצור הישבתי  על מבואת ים רכלת העמים אל איים רבים כה אמר אדני יהוה צור את אמרת אני כלילת יפי
(766915, 1, 8);[1, 4, 50, 10, 10, 5, 6, 5];אדנייהוה;198370;(14, 28, 2, 8, 198370);אדני;1;(14, 28, 2, 21, 766915);בן אדם אמר לנגיד צר כה אמר אדני יהוה יען גבה לבך ותאמר אל אני מושב אלהים ישבתי בלב ימים ואתה אדם ולא אל ותתן לבך כלב אלהים
(767105, 1, 8);[1, 4, 50, 10, 10, 5, 6, 5];אדנייהוה;198419;(14, 28, 6, 4, 198419);אדני;1;(14, 28, 6, 9, 767105);לכן כה אמר אדני יהוה יען תתך את לבבך כלב אלהים
(767300, 1, 8);[1, 4, 50, 10, 10, 5, 6, 5];אדנייהוה;198469;(14, 28, 10, 10, 198469);אדני;1;(14, 28, 10, 34, 767300);מותי ערלים תמות ביד זרים כי אני דברתי נאם אדני יהוה
(767357, 1, 8);[1, 4, 50, 10, 10, 5, 6, 5];אדנייהוה;198487;(14, 28, 12, 12, 198487);אדני;1;(14, 28, 12, 32, 767357);בן אדם שא קינה על מלך צור ואמרת לו כה אמר אדני יהוה אתה חותם תכנית מלא חכמה וכליל יפי
(767869, 1, 8);[1, 4, 50, 10, 10, 5, 6, 5];אדנייהוה;198617;(14, 28, 22, 4, 198617);אדני;1;(14, 28, 22, 11, 767869);ואמרת כה אמר אדני יהוה הנני עליך צידון ונכבדתי בתוכך וידעו כי אני יהוה בעשותי בה שפטים ונקדשתי בה
(768065, 1, 8);[1, 4, 50, 10, 10, 5, 6, 5];אדנייהוה;198664;(14, 28, 24, 17, 198664);אדני;1;(14, 28, 24, 66, 768065);ולא יהיה עוד לבית ישראל סלון ממאיר וקוץ מכאב מכל סביבתם השאטים אותם וידעו כי אני אדני יהוה
(768078, 1, 8);[1, 4, 50, 10, 10, 5, 6, 5];אדנייהוה;198668;(14, 28, 25, 3, 198668);אדני;1;(14, 28, 25, 6, 768078);כה אמר אדני יהוה בקבצי את בית ישראל מן העמים אשר נפצו בם ונקדשתי בם לעיני הגוים וישבו על אדמתם אשר נתתי לעבדי ליעקב
(768360, 1, 8);[1, 4, 50, 10, 10, 5, 6, 5];אדנייהוה;198738;(14, 29, 3, 5, 198738);אדני;1;(14, 29, 3, 14, 768360);דבר ואמרת כה אמר אדני יהוה הנני עליך פרעה מלך מצרים התנים הגדול הרבץ בתוך יאריו אשר אמר לי יארי ואני עשיתני
(768715, 1, 8);[1, 4, 50, 10, 10, 5, 6, 5];אדנייהוה;198824;(14, 29, 8, 4, 198824);אדני;1;(14, 29, 8, 9, 768715);לכן כה אמר אדני יהוה הנני מביא עליך חרב והכרתי ממך אדם ובהמה
(769031, 1, 8);[1, 4, 50, 10, 10, 5, 6, 5];אדנייהוה;198905;(14, 29, 13, 4, 198905);אדני;1;(14, 29, 13, 8, 769031);כי כה אמר אדני יהוה מקץ ארבעים שנה אקבץ את מצרים מן העמים אשר נפצו שמה
(769249, 1, 8);[1, 4, 50, 10, 10, 5, 6, 5];אדנייהוה;198959;(14, 29, 16, 14, 198959);אדני;1;(14, 29, 16, 55, 769249);ולא יהיה עוד לבית ישראל למבטח מזכיר עון בפנותם אחריהם וידעו כי אני אדני יהוה
(769413, 1, 8);[1, 4, 50, 10, 10, 5, 6, 5];אדנייהוה;199005;(14, 29, 19, 4, 199005);אדני;1;(14, 29, 19, 9, 769413);לכן כה אמר אדני יהוה הנני נתן לנבוכדראצר מלך בבל את ארץ מצרים ונשא המנה ושלל שללה ובזז בזה והיתה שכר לחילו
(769530, 1, 8);[1, 4, 50, 10, 10, 5, 6, 5];אדנייהוה;199037;(14, 29, 20, 14, 199037);אדני;1;(14, 29, 20, 41, 769530);פעלתו אשר עבד בה נתתי לו את ארץ מצרים אשר עשו לי נאם אדני יהוה
(769632, 1, 8);[1, 4, 50, 10, 10, 5, 6, 5];אדנייהוה;199065;(14, 30, 2, 7, 199065);אדני;1;(14, 30, 2, 20, 769632);בן אדם הנבא ואמרת כה אמר אדני יהוה הילילו הה ליום
(769854, 1, 8);[1, 4, 50, 10, 10, 5, 6, 5];אדנייהוה;199121;(14, 30, 6, 16, 199121);אדני;1;(14, 30, 6, 57, 769854);כה אמר יהוה ונפלו סמכי מצרים וירד גאון עזה ממגדל סונה בחרב יפלו בה נאם אדני יהוה
(770021, 1, 8);[1, 4, 50, 10, 10, 5, 6, 5];אדנייהוה;199162;(14, 30, 10, 3, 199162);אדני;1;(14, 30, 10, 6, 770021);כה אמר אדני יהוה והשבתי את המון מצרים ביד נבוכדראצר מלך בבל
(770201, 1, 8);[1, 4, 50, 10, 10, 5, 6, 5];אדנייהוה;199206;(14, 30, 13, 3, 199206);אדני;1;(14, 30, 13, 6, 770201);כה אמר אדני יהוה והאבדתי גלולים והשבתי אלילים מנף ונשיא מארץ מצרים לא יהיה עוד ונתתי יראה בארץ מצרים
(770666, 1, 8);[1, 4, 50, 10, 10, 5, 6, 5];אדנייהוה;199322;(14, 30, 22, 4, 199322);אדני;1;(14, 30, 22, 9, 770666);לכן כה אמר אדני יהוה הנני אל פרעה מלך מצרים ושברתי את זרעתיו את החזקה ואת הנשברת והפלתי את החרב מידו
(771478, 1, 8);[1, 4, 50, 10, 10, 5, 6, 5];אדנייהוה;199527;(14, 31, 10, 4, 199527);אדני;1;(14, 31, 10, 9, 771478);לכן כה אמר אדני יהוה יען אשר גבהת בקומה ויתן צמרתו אל בין עבותים ורם לבבו בגבהו
(771840, 1, 8);[1, 4, 50, 10, 10, 5, 6, 5];אדנייהוה;199621;(14, 31, 15, 3, 199621);אדני;1;(14, 31, 15, 6, 771840);כה אמר אדני יהוה ביום רדתו שאולה האבלתי כסתי עליו את תהום ואמנע נהרותיה ויכלאו מים רבים ואקדר עליו לבנון וכל עצי השדה עליו עלפה
(772163, 1, 8);[1, 4, 50, 10, 10, 5, 6, 5];אדנייהוה;199705;(14, 31, 18, 27, 199705);אדני;1;(14, 31, 18, 93, 772163);אל מי דמית ככה בכבוד ובגדל בעצי עדן והורדת את עצי עדן אל ארץ תחתית בתוך ערלים תשכב את חללי חרב הוא פרעה וכל המונה נאם אדני יהוה
(772324, 1, 8);[1, 4, 50, 10, 10, 5, 6, 5];אדנייהוה;199746;(14, 32, 3, 3, 199746);אדני;1;(14, 32, 3, 6, 772324);כה אמר אדני יהוה ופרשתי עליך את רשתי בקהל עמים רבים והעלוך בחרמי
(772610, 1, 8);[1, 4, 50, 10, 10, 5, 6, 5];אדנייהוה;199814;(14, 32, 8, 12, 199814);אדני;1;(14, 32, 8, 43, 772610);כל מאורי אור בשמים אקדירם עליך ונתתי חשך על ארצך נאם אדני יהוה
(772757, 1, 8);[1, 4, 50, 10, 10, 5, 6, 5];אדנייהוה;199849;(14, 32, 11, 4, 199849);אדני;1;(14, 32, 11, 8, 772757);כי כה אמר אדני יהוה חרב מלך בבל תבואך
(772932, 1, 8);[1, 4, 50, 10, 10, 5, 6, 5];אדנייהוה;199892;(14, 32, 14, 8, 199892);אדני;1;(14, 32, 14, 33, 772932);אז אשקיע מימיהם ונהרותם כשמן אוליך נאם אדני יהוה
(773065, 1, 8);[1, 4, 50, 10, 10, 5, 6, 5];אדנייהוה;199926;(14, 32, 16, 16, 199926);אדני;1;(14, 32, 16, 64, 773065);קינה היא וקוננוה בנות הגוים תקוננה אותה על מצרים ועל כל המונה תקוננה אותה נאם אדני יהוה
(774041, 1, 8);[1, 4, 50, 10, 10, 5, 6, 5];אדנייהוה;200169;(14, 32, 31, 14, 200169);אדני;1;(14, 32, 31, 47, 774041);אותם יראה פרעה ונחם על כל המונה  חללי חרב פרעה וכל חילו נאם אדני יהוה
(774108, 1, 8);[1, 4, 50, 10, 10, 5, 6, 5];אדנייהוה;200187;(14, 32, 32, 17, 200187);אדני;1;(14, 32, 32, 60, 774108);כי נתתי את חתיתו  בארץ חיים והשכב בתוך ערלים את חללי חרב פרעה וכל המונה נאם אדני יהוה
(774703, 1, 8);[1, 4, 50, 10, 10, 5, 6, 5];אדנייהוה;200348;(14, 33, 11, 6, 200348);אדני;1;(14, 33, 11, 17, 774703);אמר אליהם חי אני נאם אדני יהוה אם אחפץ במות הרשע כי אם בשוב רשע מדרכו וחיה שובו שובו מדרכיכם הרעים ולמה תמותו בית ישראל
(775498, 1, 8);[1, 4, 50, 10, 10, 5, 6, 5];אדנייהוה;200556;(14, 33, 25, 6, 200556);אדני;1;(14, 33, 25, 17, 775498);לכן אמר אליהם כה אמר אדני יהוה על הדם תאכלו ועינכם תשאו אל גלוליכם ודם תשפכו והארץ תירשו
(775618, 1, 8);[1, 4, 50, 10, 10, 5, 6, 5];אדנייהוה;200586;(14, 33, 27, 6, 200586);אדני;1;(14, 33, 27, 16, 775618);כה תאמר אלהם כה אמר אדני יהוה חי אני אם לא אשר בחרבות בחרב יפלו ואשר על פני השדה לחיה נתתיו לאכלו ואשר במצדות ובמערות בדבר ימותו
(776135, 1, 8);[1, 4, 50, 10, 10, 5, 6, 5];אדנייהוה;200723;(14, 34, 2, 13, 200723);אדני;1;(14, 34, 2, 45, 776135);בן אדם הנבא על רועי ישראל הנבא ואמרת אליהם לרעים כה אמר אדני יהוה הוי רעי ישראל אשר היו רעים אותם הלוא הצאן ירעו הרעים
(776459, 1, 8);[1, 4, 50, 10, 10, 5, 6, 5];אדנייהוה;200806;(14, 34, 8, 4, 200806);אדני;1;(14, 34, 8, 9, 776459);חי אני נאם אדני יהוה אם לא יען היות צאני לבז ותהיינה צאני לאכלה לכל חית השדה מאין רעה ולא דרשו רעי את צאני וירעו הרעים אותם ואת צאני לא רעו
(776584, 1, 8);[1, 4, 50, 10, 10, 5, 6, 5];אדנייהוה;200841;(14, 34, 10, 3, 200841);אדני;1;(14, 34, 10, 6, 776584);כה אמר אדני יהוה הנני אל הרעים ודרשתי את צאני מידם והשבתים מרעות צאן ולא ירעו עוד הרעים אותם והצלתי צאני מפיהם ולא תהיין להם לאכלה
(776691, 1, 8);[1, 4, 50, 10, 10, 5, 6, 5];אדנייהוה;200868;(14, 34, 11, 4, 200868);אדני;1;(14, 34, 11, 8, 776691);כי כה אמר אדני יהוה הנני אני ודרשתי את צאני ובקרתים
(776994, 1, 8);[1, 4, 50, 10, 10, 5, 6, 5];אדנייהוה;200940;(14, 34, 15, 7, 200940);אדני;1;(14, 34, 15, 25, 776994);אני ארעה צאני ואני ארביצם נאם אדני יהוה
(777093, 1, 8);[1, 4, 50, 10, 10, 5, 6, 5];אדנייהוה;200964;(14, 34, 17, 5, 200964);אדני;1;(14, 34, 17, 15, 777093);ואתנה צאני כה אמר אדני יהוה הנני שפט בין שה לשה לאילים ולעתודים
(777253, 1, 8);[1, 4, 50, 10, 10, 5, 6, 5];אדנייהוה;200999;(14, 34, 20, 4, 200999);אדני;1;(14, 34, 20, 9, 777253);לכן כה אמר אדני יהוה אליהם הנני אני ושפטתי בין שה בריה ובין שה רזה
(777857, 1, 8);[1, 4, 50, 10, 10, 5, 6, 5];אדנייהוה;201151;(14, 34, 30, 12, 201151);אדני;1;(14, 34, 30, 42, 777857);וידעו כי אני יהוה אלהיהם אתם והמה עמי בית ישראל נאם אדני יהוה
(777900, 1, 8);[1, 4, 50, 10, 10, 5, 6, 5];אדנייהוה;201162;(14, 34, 31, 10, 201162);אדני;1;(14, 34, 31, 36, 777900);ואתן צאני צאן מרעיתי אדם אתם אני אלהיכם נאם אדני יהוה
(777967, 1, 8);[1, 4, 50, 10, 10, 5, 6, 5];אדנייהוה;201182;(14, 35, 3, 5, 201182);אדני;1;(14, 35, 3, 13, 777967);ואמרת לו כה אמר אדני יהוה הנני אליך הר שעיר ונטיתי ידי עליך ונתתיך שממה ומשמה
(778120, 1, 8);[1, 4, 50, 10, 10, 5, 6, 5];אדנייהוה;201225;(14, 35, 6, 5, 201225);אדני;1;(14, 35, 6, 12, 778120);לכן חי אני נאם אדני יהוה כי לדם אעשך ודם ירדפך אם לא דם שנאת ודם ירדפך
(778362, 1, 8);[1, 4, 50, 10, 10, 5, 6, 5];אדנייהוה;201288;(14, 35, 11, 5, 201288);אדני;1;(14, 35, 11, 12, 778362);לכן חי אני נאם אדני יהוה ועשיתי כאפך וכקנאתך אשר עשיתה משנאתיך בם ונודעתי בם כאשר אשפטך
(778533, 1, 8);[1, 4, 50, 10, 10, 5, 6, 5];אדנייהוה;201329;(14, 35, 14, 3, 201329);אדני;1;(14, 35, 14, 6, 778533);כה אמר אדני יהוה כשמח כל הארץ שממה אעשה לך
(778687, 1, 8);[1, 4, 50, 10, 10, 5, 6, 5];אדנייהוה;201373;(14, 36, 2, 3, 201373);אדני;1;(14, 36, 2, 6, 778687);כה אמר אדני יהוה יען אמר האויב עליכם האח ובמות עולם למורשה היתה לנו
(778753, 1, 8);[1, 4, 50, 10, 10, 5, 6, 5];אדנייהוה;201390;(14, 36, 3, 6, 201390);אדני;1;(14, 36, 3, 18, 778753);לכן הנבא ואמרת כה אמר אדני יהוה יען ביען שמות ושאף אתכם מסביב להיותכם מורשה לשארית הגוים ותעלו על שפת לשון ודבת עם
(778846, 1, 8);[1, 4, 50, 10, 10, 5, 6, 5];אדנייהוה;201413;(14, 36, 4, 6, 201413);אדני;1;(14, 36, 4, 19, 778846);לכן הרי ישראל שמעו דבר אדני יהוה כה אמר אדני יהוה להרים ולגבעות לאפיקים ולגאיות ולחרבות השממות ולערים הנעזבות אשר היו לבז וללעג לשארית הגוים אשר מסביב
(778859, 1, 8);[1, 4, 50, 10, 10, 5, 6, 5];אדנייהוה;201417;(14, 36, 4, 10, 201417);אדני;1;(14, 36, 4, 32, 778859);לכן הרי ישראל שמעו דבר אדני יהוה כה אמר אדני יהוה להרים ולגבעות לאפיקים ולגאיות ולחרבות השממות ולערים הנעזבות אשר היו לבז וללעג לשארית הגוים אשר מסביב
(778960, 1, 8);[1, 4, 50, 10, 10, 5, 6, 5];אדנייהוה;201438;(14, 36, 5, 4, 201438);אדני;1;(14, 36, 5, 9, 778960);לכן כה אמר אדני יהוה אם לא באש קנאתי דברתי על שארית הגוים ועל אדום כלא אשר נתנו את ארצי להם למורשה בשמחת כל לבב בשאט נפש למען מגרשה לבז
(779112, 1, 8);[1, 4, 50, 10, 10, 5, 6, 5];אדנייהוה;201477;(14, 36, 6, 13, 201477);אדני;1;(14, 36, 6, 55, 779112);לכן הנבא על אדמת ישראל ואמרת להרים ולגבעות לאפיקים ולגאיות כה אמר אדני יהוה הנני בקנאתי ובחמתי דברתי יען כלמת גוים נשאתם
(779165, 1, 8);[1, 4, 50, 10, 10, 5, 6, 5];אדנייהוה;201490;(14, 36, 7, 4, 201490);אדני;1;(14, 36, 7, 9, 779165);לכן כה אמר אדני יהוה אני נשאתי את ידי אם לא הגוים אשר לכם מסביב המה כלמתם ישאו
(779496, 1, 8);[1, 4, 50, 10, 10, 5, 6, 5];אדנייהוה;201566;(14, 36, 13, 3, 201566);אדני;1;(14, 36, 13, 6, 779496);כה אמר אדני יהוה יען אמרים לכם אכלת אדם אתי  ומשכלת גויך  היית
(779573, 1, 8);[1, 4, 50, 10, 10, 5, 6, 5];אדנייהוה;201587;(14, 36, 14, 11, 201587);אדני;1;(14, 36, 14, 35, 779573);לכן אדם לא תאכלי עוד וגויך  לא תכשלי  עוד נאם אדני יהוה
(779641, 1, 8);[1, 4, 50, 10, 10, 5, 6, 5];אדנייהוה;201605;(14, 36, 15, 17, 201605);אדני;1;(14, 36, 15, 61, 779641);ולא אשמיע אליך עוד כלמת הגוים וחרפת עמים לא תשאי עוד וגויך  לא תכשלי עוד נאם אדני יהוה
(779951, 1, 8);[1, 4, 50, 10, 10, 5, 6, 5];אדנייהוה;201682;(14, 36, 22, 7, 201682);אדני;1;(14, 36, 22, 21, 779951);לכן אמר לבית ישראל כה אמר אדני יהוה לא למענכם אני עשה בית ישראל כי אם לשם קדשי אשר חללתם בגוים אשר באתם שם
(780075, 1, 8);[1, 4, 50, 10, 10, 5, 6, 5];אדנייהוה;201715;(14, 36, 23, 16, 201715);אדני;1;(14, 36, 23, 62, 780075);וקדשתי את שמי הגדול המחלל בגוים אשר חללתם בתוכם וידעו הגוים כי אני יהוה נאם אדני יהוה בהקדשי בכם לעיניהם
(780575, 1, 8);[1, 4, 50, 10, 10, 5, 6, 5];אדנייהוה;201830;(14, 36, 32, 6, 201830);אדני;1;(14, 36, 32, 18, 780575);לא למענכם אני עשה נאם אדני יהוה יודע לכם בושו והכלמו מדרכיכם בית ישראל
(780620, 1, 8);[1, 4, 50, 10, 10, 5, 6, 5];אדנייהוה;201841;(14, 36, 33, 3, 201841);אדני;1;(14, 36, 33, 6, 780620);כה אמר אדני יהוה ביום טהרי אתכם מכל עונותיכם והושבתי את הערים ונבנו החרבות
(780861, 1, 8);[1, 4, 50, 10, 10, 5, 6, 5];אדנייהוה;201894;(14, 36, 37, 3, 201894);אדני;1;(14, 36, 37, 6, 780861);כה אמר אדני יהוה עוד זאת אדרש לבית ישראל לעשות להם ארבה אתם כצאן אדם
(781125, 1, 8);[1, 4, 50, 10, 10, 5, 6, 5];אדנייהוה;201957;(14, 37, 3, 9, 201957);אדני;1;(14, 37, 3, 35, 781125);ויאמר אלי בן אדם התחיינה העצמות האלה ואמר אדני יהוה אתה ידעת
(781202, 1, 8);[1, 4, 50, 10, 10, 5, 6, 5];אדנייהוה;201976;(14, 37, 5, 3, 201976);אדני;1;(14, 37, 5, 6, 781202);כה אמר אדני יהוה לעצמות האלה הנה אני מביא בכם רוח וחייתם
(781469, 1, 8);[1, 4, 50, 10, 10, 5, 6, 5];אדנייהוה;202042;(14, 37, 9, 14, 202042);אדני;1;(14, 37, 9, 44, 781469);ויאמר אלי הנבא אל הרוח הנבא בן אדם ואמרת אל הרוח כה אמר אדני יהוה מארבע רוחות באי הרוח ופחי בהרוגים האלה ויחיו
(781671, 1, 8);[1, 4, 50, 10, 10, 5, 6, 5];אדנייהוה;202090;(14, 37, 12, 7, 202090);אדני;1;(14, 37, 12, 23, 781671);לכן הנבא ואמרת אליהם כה אמר אדני יהוה הנה אני פתח את קברותיכם והעליתי אתכם מקברותיכם עמי והבאתי אתכם אל אדמת ישראל
(782065, 1, 8);[1, 4, 50, 10, 10, 5, 6, 5];אדנייהוה;202190;(14, 37, 19, 5, 202190);אדני;1;(14, 37, 19, 13, 782065);דבר אלהם כה אמר אדני יהוה הנה אני לקח את עץ יוסף אשר ביד אפרים ושבטי ישראל חברו  ונתתי אותם עליו את עץ יהודה ועשיתם לעץ אחד והיו אחד בידי
(782206, 1, 8);[1, 4, 50, 10, 10, 5, 6, 5];אדנייהוה;202227;(14, 37, 21, 5, 202227);אדני;1;(14, 37, 21, 15, 782206);ודבר אליהם כה אמר אדני יהוה הנה אני לקח את בני ישראל מבין הגוים אשר הלכו שם וקבצתי אתם מסביב והבאתי אותם אל אדמתם
(782873, 1, 8);[1, 4, 50, 10, 10, 5, 6, 5];אדנייהוה;202391;(14, 38, 3, 4, 202391);אדני;1;(14, 38, 3, 11, 782873);ואמרת כה אמר אדני יהוה הנני אליך גוג נשיא ראש משך ותבל
(783280, 1, 8);[1, 4, 50, 10, 10, 5, 6, 5];אדנייהוה;202493;(14, 38, 10, 3, 202493);אדני;1;(14, 38, 10, 6, 783280);כה אמר אדני יהוה והיה ביום ההוא יעלו דברים על לבבך וחשבת מחשבת רעה
(783592, 1, 8);[1, 4, 50, 10, 10, 5, 6, 5];אדנייהוה;202575;(14, 38, 14, 9, 202575);אדני;1;(14, 38, 14, 27, 783592);לכן הנבא בן אדם ואמרת לגוג כה אמר אדני יהוה הלוא ביום ההוא בשבת עמי ישראל לבטח תדע
(783786, 1, 8);[1, 4, 50, 10, 10, 5, 6, 5];אדנייהוה;202623;(14, 38, 17, 3, 202623);אדני;1;(14, 38, 17, 6, 783786);כה אמר אדני יהוה האתה הוא אשר דברתי בימים קדמונים ביד עבדי נביאי ישראל הנבאים בימים ההם שנים להביא אתך עליהם
(783905, 1, 8);[1, 4, 50, 10, 10, 5, 6, 5];אדנייהוה;202652;(14, 38, 18, 11, 202652);אדני;1;(14, 38, 18, 37, 783905);והיה ביום ההוא ביום בוא גוג על אדמת ישראל נאם אדני יהוה תעלה חמתי באפי
(784109, 1, 8);[1, 4, 50, 10, 10, 5, 6, 5];אדנייהוה;202704;(14, 38, 21, 7, 202704);אדני;1;(14, 38, 21, 23, 784109);וקראתי עליו לכל הרי חרב נאם אדני יהוה חרב איש באחיו תהיה
(784289, 1, 8);[1, 4, 50, 10, 10, 5, 6, 5];אדנייהוה;202748;(14, 39, 1, 10, 202748);אדני;1;(14, 39, 1, 29, 784289);ואתה בן אדם הנבא על גוג ואמרת כה אמר אדני יהוה הנני אליך גוג נשיא ראש משך ותבל
(784500, 1, 8);[1, 4, 50, 10, 10, 5, 6, 5];אדנייהוה;202800;(14, 39, 5, 9, 202800);אדני;1;(14, 39, 5, 27, 784500);על פני השדה תפול כי אני דברתי נאם אדני יהוה
(784637, 1, 8);[1, 4, 50, 10, 10, 5, 6, 5];אדנייהוה;202836;(14, 39, 8, 5, 202836);אדני;1;(14, 39, 8, 16, 784637);הנה באה ונהיתה נאם אדני יהוה הוא היום אשר דברתי
(784814, 1, 8);[1, 4, 50, 10, 10, 5, 6, 5];אדנייהוה;202881;(14, 39, 10, 21, 202881);אדני;1;(14, 39, 10, 76, 784814);ולא ישאו עצים מן השדה ולא יחטבו מן היערים כי בנשק יבערו אש ושללו את שלליהם ובזזו את בזזיהם נאם אדני יהוה
(784994, 1, 8);[1, 4, 50, 10, 10, 5, 6, 5];אדנייהוה;202930;(14, 39, 13, 11, 202930);אדני;1;(14, 39, 13, 35, 784994);וקברו כל עם הארץ והיה להם לשם יום הכבדי נאם אדני יהוה
(785182, 1, 8);[1, 4, 50, 10, 10, 5, 6, 5];אדנייהוה;202978;(14, 39, 17, 6, 202978);אדני;1;(14, 39, 17, 15, 785182);ואתה בן אדם כה אמר אדני יהוה אמר לצפור כל כנף ולכל חית השדה הקבצו ובאו האספו מסביב על זבחי אשר אני זבח לכם זבח גדול על הרי ישראל ואכלתם בשר ושתיתם דם
(785428, 1, 8);[1, 4, 50, 10, 10, 5, 6, 5];אדנייהוה;203040;(14, 39, 20, 11, 203040);אדני;1;(14, 39, 20, 39, 785428);ושבעתם על שלחני סוס ורכב גבור וכל איש מלחמה נאם אדני יהוה
(785654, 1, 8);[1, 4, 50, 10, 10, 5, 6, 5];אדנייהוה;203099;(14, 39, 25, 4, 203099);אדני;1;(14, 39, 25, 9, 785654);לכן כה אמר אדני יהוה עתה אשיב את שבית  יעקב ורחמתי כל בית ישראל וקנאתי לשם קדשי
(785934, 1, 8);[1, 4, 50, 10, 10, 5, 6, 5];אדנייהוה;203171;(14, 39, 29, 14, 203171);אדני;1;(14, 39, 29, 45, 785934);ולא אסתיר עוד פני מהם אשר שפכתי את רוחי על בית ישראל נאם אדני יהוה
(792708, 1, 8);[1, 4, 50, 10, 10, 5, 6, 5];אדנייהוה;204833;(14, 43, 18, 7, 204833);אדני;1;(14, 43, 18, 19, 792708);ויאמר אלי בן אדם כה אמר אדני יהוה אלה חקות המזבח ביום העשותו להעלות עליו עולה ולזרק עליו דם
(792806, 1, 8);[1, 4, 50, 10, 10, 5, 6, 5];אדנייהוה;204857;(14, 43, 19, 12, 204857);אדני;1;(14, 43, 19, 44, 792806);ונתתה אל הכהנים הלוים אשר הם מזרע צדוק הקרבים אלי נאם אדני יהוה לשרתני פר בן בקר לחטאת
(793255, 1, 8);[1, 4, 50, 10, 10, 5, 6, 5];אדנייהוה;204965;(14, 43, 27, 19, 204965);אדני;1;(14, 43, 27, 81, 793255);ויכלו את הימים והיה ביום השמיני והלאה יעשו הכהנים על המזבח את עולותיכם ואת שלמיכם ורצאתי אתכם נאם אדני יהוה
(793634, 1, 8);[1, 4, 50, 10, 10, 5, 6, 5];אדנייהוה;205070;(14, 44, 6, 9, 205070);אדני;1;(14, 44, 6, 26, 793634);ואמרת אל מרי אל בית ישראל כה אמר אדני יהוה רב לכם מכל תועבותיכם בית ישראל
(793810, 1, 8);[1, 4, 50, 10, 10, 5, 6, 5];אדנייהוה;205112;(14, 44, 9, 3, 205112);אדני;1;(14, 44, 9, 6, 793810);כה אמר אדני יהוה כל בן נכר ערל לב וערל בשר לא יבוא אל מקדשי לכל בן נכר אשר בתוך בני ישראל
(794089, 1, 8);[1, 4, 50, 10, 10, 5, 6, 5];אדנייהוה;205185;(14, 44, 12, 18, 205185);אדני;1;(14, 44, 12, 69, 794089);יען אשר ישרתו אותם לפני גלוליהם והיו לבית ישראל למכשול עון על כן נשאתי ידי עליהם נאם אדני יהוה ונשאו עונם
(794312, 1, 8);[1, 4, 50, 10, 10, 5, 6, 5];אדנייהוה;205241;(14, 44, 15, 25, 205241);אדני;1;(14, 44, 15, 99, 794312);והכהנים הלוים בני צדוק אשר שמרו את משמרת מקדשי בתעות בני ישראל מעלי המה יקרבו אלי לשרתני ועמדו לפני להקריב לי חלב ודם נאם אדני יהוה
(795013, 1, 8);[1, 4, 50, 10, 10, 5, 6, 5];אדנייהוה;205415;(14, 44, 27, 13, 205415);אדני;1;(14, 44, 27, 49, 795013);וביום באו אל הקדש אל החצר הפנימית לשרת בקדש יקריב חטאתו נאם אדני יהוה
(795845, 1, 8);[1, 4, 50, 10, 10, 5, 6, 5];אדנייהוה;205620;(14, 45, 9, 3, 205620);אדני;1;(14, 45, 9, 6, 795845);כה אמר אדני יהוה רב לכם נשיאי ישראל חמס ושד הסירו ומשפט וצדקה עשו הרימו גרשתיכם מעל עמי נאם אדני יהוה
(795913, 1, 8);[1, 4, 50, 10, 10, 5, 6, 5];אדנייהוה;205637;(14, 45, 9, 20, 205637);אדני;1;(14, 45, 9, 74, 795913);כה אמר אדני יהוה רב לכם נשיאי ישראל חמס ושד הסירו ומשפט וצדקה עשו הרימו גרשתיכם מעל עמי נאם אדני יהוה
(796243, 1, 8);[1, 4, 50, 10, 10, 5, 6, 5];אדנייהוה;205718;(14, 45, 15, 15, 205718);אדני;1;(14, 45, 15, 61, 796243);ושה אחת מן הצאן מן המאתים ממשקה ישראל למנחה ולעולה ולשלמים לכפר עליהם נאם אדני יהוה
(796410, 1, 8);[1, 4, 50, 10, 10, 5, 6, 5];אדנייהוה;205758;(14, 45, 18, 3, 205758);אדני;1;(14, 45, 18, 6, 796410);כה אמר אדני יהוה בראשון באחד לחדש תקח פר בן בקר תמים וחטאת את המקדש
(796843, 1, 8);[1, 4, 50, 10, 10, 5, 6, 5];אדנייהוה;205866;(14, 46, 1, 3, 205866);אדני;1;(14, 46, 1, 6, 796843);כה אמר אדני יהוה שער החצר הפנימית הפנה קדים יהיה סגור ששת ימי המעשה וביום השבת יפתח וביום החדש יפתח
(797775, 1, 8);[1, 4, 50, 10, 10, 5, 6, 5];אדנייהוה;206100;(14, 46, 16, 3, 206100);אדני;1;(14, 46, 16, 6, 797775);כה אמר אדני יהוה כי יתן הנשיא מתנה לאיש מבניו נחלתו היא לבניו תהיה אחזתם היא בנחלה
(799157, 1, 8);[1, 4, 50, 10, 10, 5, 6, 5];אדנייהוה;206449;(14, 47, 13, 3, 206449);אדני;1;(14, 47, 13, 6, 799157);כה אמר אדני יהוה גה גבול אשר תתנחלו את הארץ לשני עשר שבטי ישראל יוסף חבלים
(799784, 1, 8);[1, 4, 50, 10, 10, 5, 6, 5];אדנייהוה;206609;(14, 47, 23, 11, 206609);אדני;1;(14, 47, 23, 34, 799784);והיה בשבט אשר גר הגר אתו שם תתנו נחלתו נאם אדני יהוה
(801538, 1, 8);[1, 4, 50, 10, 10, 5, 6, 5];אדנייהוה;207046;(14, 48, 29, 11, 207046);אדני;1;(14, 48, 29, 45, 801538);זאת הארץ אשר תפילו מנחלה לשבטי ישראל ואלה מחלקותם נאם אדני יהוה
(815623, 1, 8);[1, 4, 50, 10, 10, 5, 6, 5];אדנייהוה;210591;(17, 1, 8, 15, 210591);אדני;1;(17, 1, 8, 69, 815623);והכרתי יושב מאשדוד ותומך שבט מאשקלון והשיבותי ידי על עקרון ואבדו שארית פלשתים אמר אדני יהוה
(817174, 1, 8);[1, 4, 50, 10, 10, 5, 6, 5];אדנייהוה;210984;(17, 3, 7, 4, 210984);אדני;1;(17, 3, 7, 9, 817174);כי לא יעשה אדני יהוה דבר כי אם גלה סודו אל עבדיו הנביאים
(817225, 1, 8);[1, 4, 50, 10, 10, 5, 6, 5];אדנייהוה;210999;(17, 3, 8, 6, 210999);אדני;1;(17, 3, 8, 16, 817225);אריה שאג מי לא יירא אדני יהוה דבר מי לא ינבא
(817385, 1, 8);[1, 4, 50, 10, 10, 5, 6, 5];אדנייהוה;211037;(17, 3, 11, 4, 211037);אדני;1;(17, 3, 11, 9, 817385);לכן כה אמר אדני יהוה צר וסביב הארץ והורד ממך עזך ונבזו ארמנותיך
(817536, 1, 8);[1, 4, 50, 10, 10, 5, 6, 5];אדנייהוה;211075;(17, 3, 13, 6, 211075);אדני;1;(17, 3, 13, 22, 817536);שמעו והעידו בבית יעקב נאם אדני יהוה אלהי הצבאות
(817752, 1, 8);[1, 4, 50, 10, 10, 5, 6, 5];אדנייהוה;211126;(17, 4, 2, 2, 211126);אדני;1;(17, 4, 2, 5, 817752);נשבע אדני יהוה בקדשו כי הנה ימים באים עליכם ונשא אתכם בצנות ואחריתכן בסירות דוגה
(817961, 1, 8);[1, 4, 50, 10, 10, 5, 6, 5];אדנייהוה;211173;(17, 4, 5, 13, 211173);אדני;1;(17, 4, 5, 49, 817961);וקטר מחמץ תודה וקראו נדבות השמיעו כי כן אהבתם בני ישראל נאם אדני יהוה
(818635, 1, 8);[1, 4, 50, 10, 10, 5, 6, 5];אדנייהוה;211349;(17, 5, 3, 4, 211349);אדני;1;(17, 5, 3, 8, 818635);כי כה אמר אדני יהוה העיר היצאת אלף תשאיר מאה והיוצאת מאה תשאיר עשרה לבית ישראל
(820097, 1, 8);[1, 4, 50, 10, 10, 5, 6, 5];אדנייהוה;211724;(17, 6, 8, 2, 211724);אדני;1;(17, 6, 8, 5, 820097);נשבע אדני יהוה בנפשו נאם יהוה אלהי צבאות מתאב אנכי את גאון יעקב וארמנתיו שנאתי והסגרתי עיר ומלאה
(820510, 1, 8);[1, 4, 50, 10, 10, 5, 6, 5];אדנייהוה;211824;(17, 7, 1, 3, 211824);אדני;1;(17, 7, 1, 8, 820510);כה הראני אדני יהוה והנה יוצר גבי בתחלת עלות הלקש והנה לקש אחר גזי המלך
(820586, 1, 8);[1, 4, 50, 10, 10, 5, 6, 5];אדנייהוה;211845;(17, 7, 2, 9, 211845);אדני;1;(17, 7, 2, 28, 820586);והיה אם כלה לאכול את עשב הארץ ואמר אדני יהוה סלח נא מי יקום יעקב כי קטן הוא
(820649, 1, 8);[1, 4, 50, 10, 10, 5, 6, 5];אדנייהוה;211865;(17, 7, 4, 3, 211865);אדני;1;(17, 7, 4, 8, 820649);כה הראני אדני יהוה והנה קרא לרב באש אדני יהוה ותאכל את תהום רבה ואכלה את החלק
(820670, 1, 8);[1, 4, 50, 10, 10, 5, 6, 5];אדנייהוה;211871;(17, 7, 4, 9, 211871);אדני;1;(17, 7, 4, 29, 820670);כה הראני אדני יהוה והנה קרא לרב באש אדני יהוה ותאכל את תהום רבה ואכלה את החלק
(820707, 1, 8);[1, 4, 50, 10, 10, 5, 6, 5];אדנייהוה;211881;(17, 7, 5, 2, 211881);אדני;1;(17, 7, 5, 5, 820707);ואמר אדני יהוה חדל נא מי יקום יעקב כי קטן הוא
(820764, 1, 8);[1, 4, 50, 10, 10, 5, 6, 5];אדנייהוה;211900;(17, 7, 6, 10, 211900);אדני;1;(17, 7, 6, 27, 820764);נחם יהוה על זאת גם היא לא תהיה אמר אדני יהוה
(821420, 1, 8);[1, 4, 50, 10, 10, 5, 6, 5];אדנייהוה;212079;(17, 8, 1, 3, 212079);אדני;1;(17, 8, 1, 8, 821420);כה הראני אדני יהוה והנה כלוב קיץ
(821537, 1, 8);[1, 4, 50, 10, 10, 5, 6, 5];אדנייהוה;212111;(17, 8, 3, 7, 212111);אדני;1;(17, 8, 3, 28, 821537);והילילו שירות היכל ביום ההוא נאם אדני יהוה רב הפגר בכל מקום השליך הס
(821818, 1, 8);[1, 4, 50, 10, 10, 5, 6, 5];אדנייהוה;212180;(17, 8, 9, 5, 212180);אדני;1;(17, 8, 9, 16, 821818);והיה ביום ההוא נאם אדני יהוה והבאתי השמש בצהרים והחשכתי לארץ ביום אור
(821960, 1, 8);[1, 4, 50, 10, 10, 5, 6, 5];אדנייהוה;212214;(17, 8, 11, 5, 212214);אדני;1;(17, 8, 11, 15, 821960);הנה ימים באים נאם אדני יהוה והשלחתי רעב בארץ לא רעב ללחם ולא צמא למים כי אם לשמע את דברי יהוה
(822447, 1, 8);[1, 4, 50, 10, 10, 5, 6, 5];אדנייהוה;212337;(17, 9, 5, 1, 212337);ואדני;2;(17, 9, 5, 2, 822447);ואדני יהוה הצבאות הנוגע בארץ ותמוג ואבלו כל יושבי בה ועלתה כיאר כלה ושקעה כיאר מצרים
(822666, 1, 8);[1, 4, 50, 10, 10, 5, 6, 5];אדנייהוה;212390;(17, 9, 8, 3, 212390);אדני;1;(17, 9, 8, 8, 822666);הנה עיני אדני יהוה בממלכה החטאה והשמדתי אתה מעל פני האדמה אפס כי לא השמיד אשמיד את בית יעקב נאם יהוה
(823197, 1, 8);[1, 4, 50, 10, 10, 5, 6, 5];אדנייהוה;212522;(18, 1, 1, 5, 212522);אדני;1;(18, 1, 1, 15, 823197);חזון עבדיה כה אמר אדני יהוה לאדום שמועה שמענו מאת יהוה וציר בגוים שלח קומו ונקומה עליה למלחמה
(827102, 1, 8);[1, 4, 50, 10, 10, 5, 6, 5];אדנייהוה;213522;(20, 1, 2, 8, 213522);אדני;1;(20, 1, 2, 30, 827102);שמעו עמים כלם הקשיבי ארץ ומלאה ויהי אדני יהוה בכם לעד אדני מהיכל קדשו
(837781, 1, 8);[1, 4, 50, 10, 10, 5, 6, 5];אדנייהוה;216214;(23, 1, 7, 3, 216214);אדני;1;(23, 1, 7, 7, 837781);הס מפני אדני יהוה כי קרוב יום יהוה כי הכין יהוה זבח הקדיש קראיו
(850396, 1, 8);[1, 4, 50, 10, 10, 5, 6, 5];אדנייהוה;219410;(25, 9, 14, 7, 219410);ואדני;2;(25, 9, 14, 27, 850396);ויהוה עליהם יראה ויצא כברק חצו ואדני יהוה בשופר יתקע והלך בסערות תימן
(893185, 1, 8);[1, 4, 50, 10, 10, 5, 6, 5];אדנייהוה;230139;(27, 69, 7, 5, 230139);אדני;1;(27, 69, 7, 13, 893185);אל יבשו בי קויך אדני יהוה צבאות אל יכלמו בי מבקשיך אלהי ישראל
(894503, 1, 8);[1, 4, 50, 10, 10, 5, 6, 5];אדנייהוה;230457;(27, 71, 5, 4, 230457);אדני;1;(27, 71, 5, 11, 894503);כי אתה תקותי אדני יהוה מבטחי מנעורי
(894847, 1, 8);[1, 4, 50, 10, 10, 5, 6, 5];אדנייהוה;230542;(27, 71, 16, 3, 230542);אדני;1;(27, 71, 16, 11, 894847);אבוא בגברות אדני יהוה אזכיר צדקתך לבדך
(896577, 1, 8);[1, 4, 50, 10, 10, 5, 6, 5];אדנייהוה;230974;(27, 73, 28, 7, 230974);באדני;2;(27, 73, 28, 23, 896577);ואני קרבת אלהים לי טוב שתי באדני יהוה מחסי לספר כל מלאכותיך
(426114, 1, 8);[10, 5, 6, 5, 1, 4, 50, 10];יהוהאדני;110881;(8, 25, 28, 14, 110881);יהוה;1;(8, 25, 28, 46, 426114);שא נא לפשע אמתך כי עשה יעשה יהוה לאדני בית נאמן כי מלחמות יהוה אדני נלחם ורעה לא תמצא בך מימיך
(837369, 1, 8);[10, 5, 6, 5, 1, 4, 50, 10];יהוהאדני;216111;(22, 3, 19, 1, 216111);יהוה;1;(22, 3, 19, 1, 837369);יהוה אדני חילי וישם רגלי כאילות ועל במותי ידרכני למנצח בנגינותי
(861200, 1, 8);[10, 5, 6, 5, 1, 4, 50, 10];יהוהאדני;222141;(27, 8, 2, 1, 222141);יהוה;1;(27, 8, 2, 1, 861200);יהוה אדנינו מה אדיר שמך בכל הארץ אשר תנה הודך על השמים
(861468, 1, 8);[10, 5, 6, 5, 1, 4, 50, 10];יהוהאדני;222206;(27, 8, 10, 1, 222206);יהוה;1;(27, 8, 10, 1, 861468);יהוה אדנינו מה אדיר שמך בכל הארץ
(864048, 1, 8);[10, 5, 6, 5, 1, 4, 50, 10];יהוהאדני;222877;(27, 16, 2, 2, 222877);ליהוה;2;(27, 16, 2, 6, 864048);אמרת ליהוה אדני אתה טובתי בל עליך
(892417, 1, 8);[10, 5, 6, 5, 1, 4, 50, 10];יהוהאדני;229952;(27, 68, 21, 5, 229952);וליהוה;3;(27, 68, 21, 18, 892417);האל לנו אל למושעות וליהוה אדני למות תוצאות
(919142, 1, 8);[10, 5, 6, 5, 1, 4, 50, 10];יהוהאדני;236526;(27, 109, 21, 2, 236526);יהוה;1;(27, 109, 21, 5, 919142);ואתה יהוה אדני עשה אתי למען שמך כי טוב חסדך הצילני
(929171, 1, 8);[10, 5, 6, 5, 1, 4, 50, 10];יהוהאדני;239007;(27, 130, 1, 5, 239007);יהוה;1;(27, 130, 1, 23, 929171);שיר המעלות ממעמקים קראתיך יהוה
(933119, 1, 8);[10, 5, 6, 5, 1, 4, 50, 10];יהוהאדני;240015;(27, 140, 8, 1, 240015);יהוה;1;(27, 140, 8, 1, 933119);יהוה אדני עז ישועתי סכתה לראשי ביום נשק
(933626, 1, 8);[10, 5, 6, 5, 1, 4, 50, 10];יהוהאדני;240144;(27, 141, 8, 3, 240144);יהוה;1;(27, 141, 8, 7, 933626);כי אליך יהוה אדני עיני בכה חסיתי אל תער נפשי
(1090870, 1, 8);[10, 5, 6, 5, 1, 4, 50, 10];יהוהאדני;279928;(37, 10, 30, 22, 279928);יהוה;1;(37, 10, 30, 95, 1090870);מחזיקים על אחיהם אדיריהם ובאים באלה ובשבועה ללכת בתורת האלהים אשר נתנה ביד משה עבד האלהים ולשמור ולעשות את כל מצות יהוה אדנינו ומשפטיו וחקיו
